metric,setting,K,n,gap,coverage,coverage_mcse,excl_point,undefined,width,ms_interval,reject_rate,reject_mcse,perm_sims,ms_pvalue
dpd,0.1,2,100,0.0,0.958,0.00897061870775924,0.0,0.0,0.11723727646408603,0.13420458399923518,0.031,0.003875499967746097,2000.0,0.5983767710004031
dpd,0.1,2,100,0.02,0.974,0.007116740827092135,0.0,0.0,0.12407275323386358,0.1215293319983175,0.038,0.00855055553750749,500.0,0.6399208340008045
dpd,0.1,2,100,0.05,0.97,0.007628892449104264,0.0,0.0,0.14557986494598987,0.10452533200441394,0.144,0.01570121014444428,500.0,0.6150271680016886
dpd,0.1,2,100,0.1,0.98,0.006260990336999414,0.0,0.0,0.17734856636882576,0.13473341599456035,0.398,0.02189045454073533,500.0,0.6407962499943096
dpd,0.1,2,100,0.2,0.93,0.011410521460476728,0.0,0.0,0.21305012745866986,0.11789400000270689,0.928,0.0115599307956406,500.0,0.5590119999978924
dpd,0.1,2,1000,0.0,0.956,0.009172131704244116,0.0,0.0,0.036091505573711984,0.14992399999755435,0.0395,0.00435544199823623,2000.0,0.7893341250000958
dpd,0.1,2,1000,0.02,0.974,0.007116740827092135,0.0,0.0,0.04608198548445465,0.09384599999611964,0.3,0.020493901531919195,500.0,0.9399154999991879
dpd,0.1,2,1000,0.05,0.962,0.008550555537507495,0.0,0.0,0.05730668170395532,0.132784333996824,0.918,0.012269963325128561,500.0,0.9367794999998296
dpd,0.1,2,1000,0.1,0.916,0.012405160216619531,0.0,0.0,0.06209778377932631,0.11308599999756552,1.0,0.0,500.0,0.8895510000002105
dpd,0.1,2,1000,0.2,0.94,0.010620734437881408,0.0,0.0,0.0678421896022672,0.09066850000090199,1.0,0.0,500.0,1.025821168004768
dpd,0.1,2,30,0.0,0.976,0.006844559883586383,0.0,0.0,0.2137011773018141,0.15762233400164405,0.012,0.002434748446965312,2000.0,0.6727863125015574
dpd,0.1,2,30,0.02,0.99,0.0044497190922574,0.0,0.0,0.22617915100690153,0.12172108399681747,0.016,0.005611416933360059,500.0,0.6267893339972943
dpd,0.1,2,30,0.05,0.99,0.0044497190922574,0.0,0.0,0.2429329459063901,0.1539443340006983,0.042,0.008970618707759236,500.0,0.7203235839988338
dpd,0.1,2,30,0.1,0.986,0.0052543315464481325,0.0,0.0,0.27789141381059584,0.10742683399439557,0.098,0.013296315279053818,500.0,0.6591514180036029
dpd,0.1,2,30,0.2,0.974,0.007116740827092135,0.0,0.0,0.3508687023954077,0.09232558400253765,0.382,0.02172905888436036,500.0,0.6053146659978665
dpd,0.1,2,unequal,0.0,0.948,0.009929350431926557,0.0,0.0,0.15729841132811812,0.11008125000080327,0.029,0.003752265982043384,2000.0,0.8951453545014374
dpd,0.1,2,unequal,0.02,0.984,0.00561141693336006,0.0,0.0,0.17165358793769417,0.10319225000421284,0.058,0.010453324829928513,500.0,0.8652583340008277
dpd,0.1,2,unequal,0.05,0.984,0.00561141693336006,0.0,0.0,0.2007086621800519,0.11464741600502748,0.17,0.016798809481626965,500.0,0.8446905000018887
dpd,0.1,2,unequal,0.1,0.976,0.006844559883586383,0.0,0.0,0.25090602879845797,0.12427666599978693,0.4,0.021908902300206645,500.0,0.8192104180052411
dpd,0.1,2,unequal,0.2,0.954,0.009368457717255283,0.0,0.0,0.3088552743397471,0.09113375000015367,0.832,0.01671980861134481,500.0,0.8549157500019646
dpd,0.1,3,100,0.0,0.962,0.008550555537507495,0.0,0.0,0.15189151085089983,0.15674691800086293,0.0385,0.004302194207610809,2000.0,1.1493067289993633
dpd,0.1,3,100,0.02,0.984,0.00561141693336006,0.0,0.0,0.15933989346681332,0.14098833200114314,0.042,0.008970618707759236,500.0,1.3512591660037288
dpd,0.1,3,100,0.05,0.992,0.003983967871356396,0.0,0.0,0.17916560662059425,0.1325227499983157,0.144,0.01570121014444428,500.0,1.3963880840019556
dpd,0.1,3,100,0.1,0.992,0.003983967871356396,0.0,0.0,0.21631680053671137,0.14900041800137842,0.506,0.02235906974809104,500.0,1.3508962499981862
dpd,0.1,3,100,0.2,0.99,0.0044497190922574,0.0,0.0,0.2552119697540167,0.11215691600227728,0.964,0.008331146379700699,500.0,1.2997895820008125
dpd,0.1,3,1000,0.0,0.97,0.007628892449104264,0.0,0.0,0.04788526235566033,0.14765083400561707,0.0485,0.004803527349771208,2000.0,1.4832522084998345
dpd,0.1,3,1000,0.02,0.984,0.00561141693336006,0.0,0.0,0.0580038007503557,0.14697216599597596,0.284,0.020166506886419373,500.0,1.7028915839982801
dpd,0.1,3,1000,0.05,0.982,0.005945754788082,0.0,0.0,0.0695755505008757,0.11852483400434721,0.922,0.01199299795714149,500.0,1.6146245840063784
dpd,0.1,3,1000,0.1,0.992,0.003983967871356396,0.0,0.0,0.07511631221346533,0.13290524999320041,1.0,0.0,500.0,1.970367416004592
dpd,0.1,3,1000,0.2,0.992,0.003983967871356396,0.0,0.0,0.08229311025308449,0.15399983400129713,1.0,0.0,500.0,1.7327100000038627
dpd,0.1,3,30,0.0,0.988,0.004869496893930627,0.0,0.0,0.2761021681491278,0.12420066800405039,0.0205,0.00316857617866448,2000.0,1.290313249999599
dpd,0.1,3,30,0.02,0.988,0.004869496893930627,0.0,0.0,0.28735205603445774,0.10827533200063044,0.036,0.008331146379700696,500.0,1.2009727499971632
dpd,0.1,3,30,0.05,0.992,0.003983967871356396,0.0,0.0,0.31024811904495575,0.11636691800231347,0.056,0.010282412168358162,500.0,1.2219677499961108
dpd,0.1,3,30,0.1,0.994,0.0034536936748935927,0.0,0.0,0.3390878978675911,0.13592016600159695,0.126,0.01484075469779081,500.0,1.1585980000018026
dpd,0.1,3,30,0.2,0.982,0.005945754788082,0.0,0.0,0.41787635249898875,0.12331991800601827,0.438,0.02218810492133116,500.0,1.1432435839960817
dpd,0.1,3,unequal,0.0,0.962,0.008550555537507495,0.0,0.0,0.1922372355665927,0.15186858200468123,0.047,0.00473238840333293,2000.0,1.555581374999747
dpd,0.1,3,unequal,0.02,0.998,0.001997998998998749,0.0,0.0,0.20454782426503423,0.1441285000037169,0.096,0.013174520864152897,500.0,1.5366954159981105
dpd,0.1,3,unequal,0.05,0.994,0.0034536936748935927,0.0,0.0,0.2371826095592329,0.17845700000179932,0.174,0.016954291492126704,500.0,1.6149302499979967
dpd,0.1,3,unequal,0.1,0.994,0.0034536936748935927,0.0,0.0,0.2894196939683062,0.15131599999585887,0.456,0.022273930950777416,500.0,1.4765025000015157
dpd,0.1,3,unequal,0.2,0.982,0.005945754788082,0.0,0.0,0.3777723805235407,0.12324449999869103,0.88,0.014532721699667961,500.0,1.7211302499999874
dpd,0.1,5,100,0.0,0.966,0.008104813384649892,0.0,0.0,0.18695956161121746,0.1489186660037376,0.04,0.004381780460041329,2000.0,2.1410446459995
dpd,0.1,5,100,0.02,0.992,0.003983967871356396,0.0,0.0,0.19445236823421055,0.1277597500011325,0.07,0.011410521460476731,500.0,1.945399834003183
dpd,0.1,5,100,0.05,0.994,0.0034536936748935927,0.0,0.0,0.21199726921519613,0.14808341799653135,0.152,0.016055902341506688,500.0,2.0920159180022893
dpd,0.1,5,100,0.1,0.996,0.002822764602300377,0.0,0.0,0.24957472025419455,0.16240366800047923,0.502,0.02236050088884415,500.0,1.98297883199848
dpd,0.1,5,100,0.2,0.992,0.003983967871356396,0.0,0.0,0.29346084561138425,0.11968375000287779,0.974,0.007116740827092135,500.0,2.2072279999993043
dpd,0.1,5,1000,0.0,0.952,0.009559916317625384,0.0,0.0,0.05955054364397816,0.15330341800290626,0.0475,0.004756245893559331,2000.0,2.886444625000877
dpd,0.1,5,1000,0.02,0.982,0.005945754788082,0.0,0.0,0.06747906670210284,0.16589999999996508,0.258,0.019567115270269147,500.0,3.26728608400299
dpd,0.1,5,1000,0.05,0.998,0.001997998998998749,0.0,0.0,0.08093888526455703,0.13935608400061028,0.944,0.010282412168358165,500.0,3.012547749996884
dpd,0.1,5,1000,0.1,0.992,0.003983967871356396,0.0,0.0,0.08724420583283131,0.15986841600533808,1.0,0.0,500.0,3.275762917997781
dpd,0.1,5,1000,0.2,0.996,0.002822764602300377,0.0,0.0,0.09595888132570599,0.10602250000374625,1.0,0.0,500.0,3.471846831998846
dpd,0.1,5,30,0.0,0.996,0.002822764602300377,0.0,0.0,0.3461725416140839,0.15676908399473177,0.023,0.003351939736928455,2000.0,2.0755340625000827
dpd,0.1,5,30,0.02,1.0,0.0,0.0,0.0,0.3518939893877441,0.15817000000242842,0.026,0.007116740827092132,500.0,2.1585745819975273
dpd,0.1,5,30,0.05,0.996,0.002822764602300377,0.0,0.0,0.3629627823110279,0.18263083399506286,0.046,0.00936845771725528,500.0,2.0684745000035036
dpd,0.1,5,30,0.1,0.994,0.0034536936748935927,0.0,0.0,0.4019028843385213,0.13767041800019797,0.132,0.01513776733867977,500.0,2.0939494159974856
dpd,0.1,5,30,0.2,0.998,0.001997998998998749,0.0,0.0,0.4841664219083497,0.16854683400015347,0.492,0.022357817424784557,500.0,2.0373829180025496
dpd,0.1,5,unequal,0.0,0.966,0.008104813384649892,0.0,0.0,0.23634248706996677,0.31153783400077373,0.046,0.00468422885862764,2000.0,3.012489729499066
dpd,0.1,5,unequal,0.02,0.998,0.001997998998998749,0.0,0.0,0.2552808519514712,0.14521083400177304,0.084,0.012405160216619535,500.0,2.9144998340052553
dpd,0.1,5,unequal,0.05,0.998,0.001997998998998749,0.0,0.0,0.2898865003046262,0.14071458199759945,0.18,0.017181385275931625,500.0,3.0107621679999284
dpd,0.1,5,unequal,0.1,0.998,0.001997998998998749,0.0,0.0,0.34450828136829825,0.1561223339958815,0.436,0.02217674457624473,500.0,2.9464807500044117
dpd,0.1,5,unequal,0.2,0.996,0.002822764602300377,0.0,0.0,0.4391768702222766,0.14377083200088236,0.86,0.01551773179301666,500.0,3.277782750003098
dpd,0.5,2,100,0.0,0.946,0.010107818755794947,0.0,0.0,0.19220361201196368,0.1519162500044331,0.037,0.0042208411483968455,2000.0,0.5592448749994219
dpd,0.5,2,100,0.02,0.966,0.008104813384649892,0.0,0.0,0.19461273045675978,0.160084167997411,0.028,0.007377804551490911,500.0,0.7337890820053872
dpd,0.5,2,100,0.05,0.982,0.005945754788082,0.0,0.0,0.2008367475181468,0.15175558200280648,0.078,0.011992997957141493,500.0,0.6944289179955376
dpd,0.5,2,100,0.1,0.982,0.005945754788082,0.0,0.0,0.2248034099891733,0.10287675000290619,0.248,0.019313000802568203,500.0,0.7028398340044077
dpd,0.5,2,100,0.2,0.94,0.010620734437881408,0.0,0.0,0.2549808291189774,0.1236048339997069,0.782,0.018464885594013304,500.0,0.6159790840029018
dpd,0.5,2,1000,0.0,0.956,0.009172131704244116,0.0,0.0,0.06123457334654719,0.12969908200466307,0.04,0.004381780460041329,2000.0,0.9604183544997795
dpd,0.5,2,1000,0.02,0.966,0.008104813384649892,0.0,0.0,0.06653614405233353,0.09179008199862437,0.136,0.01532997064576446,500.0,0.9537571660039248
dpd,0.5,2,1000,0.05,0.94,0.010620734437881408,0.0,0.0,0.08163815743871569,0.17319716599740786,0.618,0.02172905888436036,500.0,0.8181678339969949
dpd,0.5,2,1000,0.1,0.956,0.009172131704244116,0.0,0.0,0.08660813591420384,0.10775741600082256,0.992,0.003983967871356396,500.0,0.7333462500027963
dpd,0.5,2,1000,0.2,0.94,0.010620734437881408,0.0,0.0,0.08392873365321689,0.11973999999463558,1.0,0.0,500.0,0.6713161660009064
dpd,0.5,2,30,0.0,0.952,0.009559916317625384,0.0,0.0,0.33537792480658174,0.13154708199726883,0.023,0.003351939736928455,2000.0,0.7169331250006508
dpd,0.5,2,30,0.02,0.962,0.008550555537507495,0.0,0.0,0.33865867976716835,0.1316873339965241,0.034,0.008104813384649889,500.0,0.6698575839982368
dpd,0.5,2,30,0.05,0.978,0.006559878047646925,0.0,0.0,0.34159137835197934,0.1464205000011134,0.032,0.007870959280799261,500.0,0.71314041599544
dpd,0.5,2,30,0.1,0.964,0.008331146379700699,0.0,0.0,0.3560940975940275,0.16696858400246128,0.072,0.011559930795640603,500.0,0.610616250000021
dpd,0.5,2,30,0.2,0.978,0.006559878047646925,0.0,0.0,0.397447387018828,0.1425723319989629,0.262,0.01966499427917537,500.0,0.8255224160020589
dpd,0.5,2,unequal,0.0,0.946,0.010107818755794947,0.0,0.0,0.240613688243477,0.12521108399960212,0.0405,0.004407933189148856,2000.0,0.8814633539986971
dpd,0.5,2,unequal,0.02,0.96,0.008763560920082661,0.0,0.0,0.2353784208026581,0.10073891600040952,0.062,0.010784804124322332,500.0,0.9214285839989316
dpd,0.5,2,unequal,0.05,0.978,0.006559878047646925,0.0,0.0,0.2440608289098051,0.14289983399794437,0.06,0.010620734437881401,500.0,0.8539155000034953
dpd,0.5,2,unequal,0.1,0.98,0.006260990336999414,0.0,0.0,0.2593326555696505,0.12929408199852332,0.162,0.016477621187537962,500.0,1.0680888339993544
dpd,0.5,2,unequal,0.2,0.954,0.009368457717255283,0.0,0.0,0.29420332584047615,0.14827491600590292,0.572,0.022127629787213995,500.0,0.8434604159992887
dpd,0.5,3,100,0.0,0.954,0.009368457717255283,0.0,0.0,0.24814321943180193,0.13140891600050963,0.039,0.004328914413568372,2000.0,1.1278390625011525
dpd,0.5,3,100,0.02,0.972,0.0073778045514909145,0.0,0.0,0.25097600522782626,0.12062299999524839,0.056,0.010282412168358162,500.0,1.0643604999931995
dpd,0.5,3,100,0.05,0.98,0.006260990336999414,0.0,0.0,0.25989854585616,0.1189650000014808,0.084,0.012405160216619535,500.0,1.1465429999952903
dpd,0.5,3,100,0.1,0.98,0.006260990336999414,0.0,0.0,0.2860700546530822,0.09687416600354481,0.272,0.019900552756142227,500.0,1.1599123319974751
dpd,0.5,3,100,0.2,0.984,0.00561141693336006,0.0,0.0,0.31629137715744654,0.14176366799802054,0.802,0.017821111076473318,500.0,1.175926250005432
dpd,0.5,3,1000,0.0,0.93,0.011410521460476728,0.0,0.0,0.0808943899474692,0.12536466600431595,0.0485,0.004803527349771208,2000.0,1.504676020500483
dpd,0.5,3,1000,0.02,0.972,0.0073778045514909145,0.0,0.0,0.08520117359996802,0.15679958400141913,0.148,0.015880554146502572,500.0,1.485938833997352
dpd,0.5,3,1000,0.05,0.986,0.0052543315464481325,0.0,0.0,0.1012373988513516,0.19195249999756925,0.606,0.021852414054287,500.0,1.7047339999990072
dpd,0.5,3,1000,0.1,0.984,0.00561141693336006,0.0,0.0,0.10582592850195982,0.22701841600064654,0.998,0.001997998998998749,500.0,1.5321049179983675
dpd,0.5,3,1000,0.2,0.982,0.005945754788082,0.0,0.0,0.10259314672785494,0.1081197500025155,1.0,0.0,500.0,1.50174524999602
dpd,0.5,3,30,0.0,0.954,0.009368457717255283,0.0,0.0,0.4379968069540533,0.10313641600077972,0.0345,0.004081038470781672,2000.0,1.1934524585012696
dpd,0.5,3,30,0.02,0.968,0.007870959280799264,0.0,0.0,0.43664248714660847,0.14346416800253792,0.04,0.008763560920082658,500.0,1.2061365820045467
dpd,0.5,3,30,0.05,0.968,0.007870959280799264,0.0,0.0,0.4419527374235649,0.18820224999944912,0.05,0.009746794344808964,500.0,1.148271250000107
dpd,0.5,3,30,0.1,0.976,0.006844559883586383,0.0,0.0,0.4506707792128125,0.1120370839998941,0.074,0.011706750189527408,500.0,1.2720809180027572
dpd,0.5,3,30,0.2,0.982,0.005945754788082,0.0,0.0,0.49785713424478584,0.09513508399686543,0.292,0.0203340109176719,500.0,1.093338999999105
dpd,0.5,3,unequal,0.0,0.952,0.009559916317625384,0.0,0.0,0.2962801910159541,0.13576058400212787,0.0435,0.004561126505590478,2000.0,1.454777645500144
dpd,0.5,3,unequal,0.02,0.976,0.006844559883586383,0.0,0.0,0.2987113618013932,0.12428466599521926,0.042,0.008970618707759236,500.0,1.492381915995793
dpd,0.5,3,unequal,0.05,0.99,0.0044497190922574,0.0,0.0,0.30382275635146805,0.11682491600367939,0.094,0.013050976974924139,500.0,1.485102165999706
dpd,0.5,3,unequal,0.1,0.99,0.0044497190922574,0.0,0.0,0.3248646347194636,0.15128600000025472,0.17,0.016798809481626965,500.0,1.425806500003091
dpd,0.5,3,unequal,0.2,0.99,0.0044497190922574,0.0,0.0,0.36338663769158325,0.13067325000156416,0.588,0.02201163328787757,500.0,1.6448984180024127
dpd,0.5,5,100,0.0,0.97,0.007628892449104264,0.0,0.0,0.30802246414151335,0.1782484180002939,0.039,0.004328914413568372,2000.0,2.2573871040003723
dpd,0.5,5,100,0.02,0.984,0.00561141693336006,0.0,0.0,0.30469008601463576,0.1313454159972025,0.048,0.009559916317625379,500.0,2.1152740819961764
dpd,0.5,5,100,0.05,0.982,0.005945754788082,0.0,0.0,0.3169607684143026,0.17570958400028758,0.102,0.013534843922262273,500.0,2.2192052499958663
dpd,0.5,5,100,0.1,0.992,0.003983967871356396,0.0,0.0,0.34301087717400847,0.18156766600441188,0.23,0.01882020191177555,500.0,2.119422415998997
dpd,0.5,5,100,0.2,0.988,0.004869496893930627,0.0,0.0,0.37120152496234493,0.152736833995732,0.83,0.016798809481626965,500.0,2.0055864179958007
dpd,0.5,5,1000,0.0,0.96,0.008763560920082661,0.0,0.0,0.09943873198566937,0.1410389180018683,0.0505,0.00489641450451246,2000.0,3.0963787705004506
dpd,0.5,5,1000,0.02,0.992,0.003983967871356396,0.0,0.0,0.10509062850219239,0.16169708400411764,0.112,0.014103616557464968,500.0,3.3715189159993315
dpd,0.5,5,1000,0.05,0.994,0.0034536936748935927,0.0,0.0,0.11941704328448904,0.13985225000214996,0.606,0.021852414054287,500.0,3.196957749998546
dpd,0.5,5,1000,0.1,0.986,0.0052543315464481325,0.0,0.0,0.12406877154310393,0.1525228340033209,1.0,0.0,500.0,2.9459490000008373
dpd,0.5,5,1000,0.2,0.99,0.0044497190922574,0.0,0.0,0.12015560901484454,0.1304371660007746,1.0,0.0,500.0,3.0620850839986815
dpd,0.5,5,30,0.0,0.948,0.009929350431926557,0.0,0.0,0.5390750531365271,0.15390541599481367,0.0275,0.0036567574434189644,2000.0,2.095051958000113
dpd,0.5,5,30,0.02,0.97,0.007628892449104264,0.0,0.0,0.5367397805341928,0.1314624160004314,0.036,0.008331146379700696,500.0,2.0782933339942247
dpd,0.5,5,30,0.05,0.976,0.006844559883586383,0.0,0.0,0.5464480867008369,0.15910275000351248,0.046,0.00936845771725528,500.0,2.1450402500049677
dpd,0.5,5,30,0.1,0.994,0.0034536936748935927,0.0,0.0,0.5587287072644292,0.18036416600079974,0.068,0.011258419071965654,500.0,2.0510745819992735
dpd,0.5,5,30,0.2,0.99,0.0044497190922574,0.0,0.0,0.5901405899162879,0.17525383199972566,0.278,0.020035768016225385,500.0,1.911239334003767
dpd,0.5,5,unequal,0.0,0.966,0.008104813384649892,0.0,0.0,0.3641223862755411,0.11634049999702256,0.0475,0.004756245893559331,2000.0,3.0948653539999214
dpd,0.5,5,unequal,0.02,0.992,0.003983967871356396,0.0,0.0,0.3678570194489606,0.17980399999942165,0.064,0.010945684080951725,500.0,2.8635196659961366
dpd,0.5,5,unequal,0.05,0.996,0.002822764602300377,0.0,0.0,0.3743283218531319,0.10547541599953547,0.086,0.012538261442480771,500.0,2.9641559999945457
dpd,0.5,5,unequal,0.1,0.996,0.002822764602300377,0.0,0.0,0.39160316643860393,0.101301415998023,0.2,0.01788854381999832,500.0,2.929706000002625
dpd,0.5,5,unequal,0.2,0.992,0.003983967871356396,0.0,0.0,0.4415593834763464,0.14636675000656396,0.59,0.02199545407578575,500.0,2.8547729159981827
eod,0.1,2,100,0.0,0.978,0.006559878047646925,0.0,0.0,0.21487370043895646,0.15132024999911664,0.0395,0.00435544199823623,2000.0,1.24925164600063
eod,0.1,2,100,0.02,0.996,0.002822764602300377,0.0,0.0,0.22679349954221342,0.19400533199950587,0.034,0.008104813384649889,500.0,1.3578338340012124
eod,0.1,2,100,0.05,0.994,0.0034536936748935927,0.0,0.0,0.24065124322825815,0.18172941599914338,0.068,0.011258419071965654,500.0,1.2590116659994237
eod,0.1,2,100,0.1,0.99,0.0044497190922574,0.0,0.0,0.28025960354003876,0.18630466600006912,0.168,0.016719808611344807,500.0,1.272631581996393
eod,0.1,2,100,0.2,0.992,0.003983967871356396,0.0,0.0,0.35625929487184677,0.14705458199750865,0.558,0.022209727598509622,500.0,1.186229834005644
eod,0.1,2,1000,0.0,0.966,0.008104813384649892,0.0,0.0,0.06697833110869898,0.22351899999921443,0.04,0.004381780460041329,2000.0,1.4186115835000237
eod,0.1,2,1000,0.02,0.986,0.0052543315464481325,0.0,0.0,0.07474359818918708,0.20531408399983775,0.146,0.015791390059142988,500.0,1.3451779179958976
eod,0.1,2,1000,0.05,0.99,0.0044497190922574,0.0,0.0,0.09466331109805463,0.1330496679947828,0.546,0.02226584828835407,500.0,1.4232929159988998
eod,0.1,2,1000,0.1,0.98,0.006260990336999414,0.0,0.0,0.11170305219989571,0.2259417500026757,0.968,0.007870959280799264,500.0,1.4923539160008659
eod,0.1,2,1000,0.2,0.968,0.007870959280799264,0.0,0.0,0.1231341060220015,0.16583499999978812,1.0,0.0,500.0,1.3154390000054264
eod,0.1,2,30,0.0,0.992,0.003983967871356396,0.0,0.0,0.41256215887599135,0.15600466600153595,0.016,0.0028057084666800293,2000.0,1.2513375415001065
eod,0.1,2,30,0.02,0.996,0.002822764602300377,0.0,0.0,0.4223179973818715,0.16979158399772132,0.024,0.00684455988358638,500.0,1.3233231679987512
eod,0.1,2,30,0.05,0.994,0.0034536936748935927,0.0,0.0,0.4336659850889156,0.186861415997555,0.018,0.005945754788081997,500.0,1.3332539179973537
eod,0.1,2,30,0.1,1.0,0.0,0.0,0.0,0.4549703781977612,0.1574485840028501,0.04,0.008763560920082658,500.0,1.2136054180009523
eod,0.1,2,30,0.2,0.994,0.0034536936748935927,0.0,0.0,0.5252930416790079,0.1808896679940517,0.144,0.01570121014444428,500.0,1.202868499996839
eod,0.1,2,unequal,0.0,0.984,0.00561141693336006,0.0,0.0,0.32014871515952487,0.17532083400146803,0.033,0.003994433626936364,2000.0,1.6368930210010149
eod,0.1,2,unequal,0.02,0.982,0.005945754788082,0.0,0.0,0.3364357149657974,0.19719950000580866,0.042,0.008970618707759236,500.0,1.6323804999992717
eod,0.1,2,unequal,0.05,0.99,0.0044497190922574,0.0,0.0,0.3604295384158211,0.2057444999954896,0.068,0.011258419071965654,500.0,1.5617152500053635
eod,0.1,2,unequal,0.1,0.982,0.005945754788082,0.0,0.0,0.40424331933563656,0.16320491599617526,0.168,0.016719808611344807,500.0,1.5135164999956032
eod,0.1,2,unequal,0.2,0.98,0.006260990336999414,0.0,0.0,0.4865746767634281,0.16334766799991485,0.426,0.02211442967837968,500.0,1.6423094999991008
eod,0.1,3,100,0.0,0.98,0.006260990336999414,0.0,0.0,0.2684966517074811,0.1771130820052349,0.044,0.0045860658521220555,2000.0,2.321918708499652
eod,0.1,3,100,0.02,0.992,0.003983967871356396,0.0,0.0,0.27271643560134423,0.2168830840018927,0.064,0.010945684080951725,500.0,2.340992666002421
eod,0.1,3,100,0.05,0.994,0.0034536936748935927,0.0,0.0,0.2907301596879363,0.1809103320047143,0.112,0.014103616557464968,500.0,2.330939749997924
eod,0.1,3,100,0.1,0.994,0.0034536936748935927,0.0,0.0,0.33658708797320447,0.16794241800380405,0.208,0.018151363585141474,500.0,2.3766255839946098
eod,0.1,3,100,0.2,0.998,0.001997998998998749,0.0,0.0,0.41211763879463903,0.20564500000182306,0.634,0.021542701780417423,500.0,2.3736039159994107
eod,0.1,3,1000,0.0,0.956,0.009172131704244116,0.0,0.0,0.0831854031974183,0.2644576680031605,0.0435,0.004561126505590478,2000.0,2.8859384789993783
eod,0.1,3,1000,0.02,0.994,0.0034536936748935927,0.0,0.0,0.09146717198262025,0.20334933399863075,0.136,0.01532997064576446,500.0,2.5982021680028993
eod,0.1,3,1000,0.05,0.99,0.0044497190922574,0.0,0.0,0.11175152612817583,0.18009524999797577,0.566,0.02216501748251059,500.0,2.953597499996249
eod,0.1,3,1000,0.1,0.996,0.002822764602300377,0.0,0.0,0.1301121478737212,0.1756115000025602,0.986,0.0052543315464481325,500.0,2.714542250003433
eod,0.1,3,1000,0.2,0.994,0.0034536936748935927,0.0,0.0,0.1427440797717075,0.173715668002842,1.0,0.0,500.0,2.4780793340032687
eod,0.1,3,30,0.0,0.996,0.002822764602300377,0.0,0.0,0.5137988415314703,0.16812874999595806,0.03,0.00381444622455213,2000.0,2.394728937500986
eod,0.1,3,30,0.02,0.996,0.002822764602300377,0.0,0.0,0.5192146892319648,0.19460974999674363,0.046,0.00936845771725528,500.0,2.4605733339994913
eod,0.1,3,30,0.05,1.0,0.0,0.0,0.0,0.5316188964132305,0.16024808200018015,0.026,0.007116740827092132,500.0,2.3984455819954746
eod,0.1,3,30,0.1,0.994,0.0034536936748935927,0.0,0.0,0.5611056524184197,0.19321783199848142,0.066,0.011103512957618413,500.0,2.5217095839980175
eod,0.1,3,30,0.2,0.994,0.0034536936748935927,0.0,0.0,0.6400447858384443,0.16953875000035623,0.178,0.017106489996489636,500.0,2.432471334002912
eod,0.1,3,unequal,0.0,0.976,0.006844559883586383,0.0,0.0,0.37789709609526073,0.18845391600189032,0.048,0.0047799581588126895,2000.0,2.8957690205006656
eod,0.1,3,unequal,0.02,0.994,0.0034536936748935927,0.0,0.0,0.38793261138861546,0.19570916600059718,0.066,0.011103512957618413,500.0,2.977311168004235
eod,0.1,3,unequal,0.05,0.998,0.001997998998998749,0.0,0.0,0.4197825369505572,0.23262158400029875,0.14,0.01551773179301666,500.0,3.070248999996693
eod,0.1,3,unequal,0.1,0.998,0.001997998998998749,0.0,0.0,0.4548861596795465,0.19397658199886791,0.248,0.019313000802568203,500.0,3.1464076659976854
eod,0.1,3,unequal,0.2,0.996,0.002822764602300377,0.0,0.0,0.5651504537254757,0.19590233400231227,0.49,0.022356207191739835,500.0,2.839440999996441
eod,0.1,5,100,0.0,0.986,0.0052543315464481325,0.0,0.0,0.3203742039223157,0.2352895819931291,0.0485,0.004803527349771208,2000.0,4.085620354500861
eod,0.1,5,100,0.02,1.0,0.0,0.0,0.0,0.33023492782358943,0.2489795819928986,0.054,0.010107818755794942,500.0,3.9256393339965143
eod,0.1,5,100,0.05,0.998,0.001997998998998749,0.0,0.0,0.3451295280752413,0.30508649999683257,0.066,0.011103512957618413,500.0,3.9220177500028512
eod,0.1,5,100,0.1,1.0,0.0,0.0,0.0,0.37832695255740484,0.23543658199923811,0.23,0.01882020191177555,500.0,3.8725259999991977
eod,0.1,5,100,0.2,0.998,0.001997998998998749,0.0,0.0,0.4608870642516579,0.325513416006288,0.676,0.020929596269398033,500.0,3.7029414159987937
eod,0.1,5,1000,0.0,0.952,0.009559916317625384,0.0,0.0,0.10113016714219608,0.22001241800171556,0.047,0.00473238840333293,2000.0,4.457387541498974
eod,0.1,5,1000,0.02,1.0,0.0,0.0,0.0,0.10741955114679436,0.24218658199970378,0.118,0.014427473791346842,500.0,4.695605999993859
eod,0.1,5,1000,0.05,1.0,0.0,0.0,0.0,0.12901850727224784,0.21389908400306012,0.556,0.022219990999098087,500.0,5.071075168001698
eod,0.1,5,1000,0.1,1.0,0.0,0.0,0.0,0.1476296778838406,0.24229216600360814,0.988,0.004869496893930627,500.0,5.249179831997026
eod,0.1,5,1000,0.2,0.994,0.0034536936748935927,0.0,0.0,0.1624106706951796,0.22052774999610847,1.0,0.0,500.0,5.130427833995782
eod,0.1,5,30,0.0,0.998,0.001997998998998749,0.0,0.0,0.6112827545034367,0.24497716600308195,0.043,0.004536022486716748,2000.0,4.200713625001299
eod,0.1,5,30,0.02,1.0,0.0,0.0,0.0,0.6268886507458126,0.369459834000736,0.03,0.00762889244910426,500.0,4.167060583997227
eod,0.1,5,30,0.05,1.0,0.0,0.0,0.0,0.6298307769928402,0.2707762499994715,0.05,0.009746794344808964,500.0,4.28358224999829
eod,0.1,5,30,0.1,1.0,0.0,0.0,0.0,0.6546309447496533,0.24334066599840298,0.062,0.010784804124322332,500.0,4.079688083998917
eod,0.1,5,30,0.2,0.998,0.001997998998998749,0.0,0.0,0.72059155007963,0.20725999999558553,0.168,0.016719808611344807,500.0,3.7814588339970214
eod,0.1,5,unequal,0.0,0.972,0.0073778045514909145,0.0,0.0,0.4356968729903263,0.23801016599463765,0.039,0.004328914413568372,2000.0,4.736624083499919
eod,0.1,5,unequal,0.02,0.992,0.003983967871356396,0.0,0.0,0.45054507618448403,0.20471458400425036,0.07,0.011410521460476731,500.0,4.804577499999141
eod,0.1,5,unequal,0.05,0.998,0.001997998998998749,0.0,0.0,0.48587200440520917,0.2307479999944917,0.09,0.012798437404620925,500.0,4.7039975820007385
eod,0.1,5,unequal,0.1,0.998,0.001997998998998749,0.0,0.0,0.5295030852564191,0.23828041799424682,0.218,0.018464885594013304,500.0,5.00359608400322
eod,0.1,5,unequal,0.2,0.998,0.001997998998998749,0.0,0.0,0.6247085466992235,0.2071085839997977,0.502,0.02236050088884415,500.0,4.653091250002035
eod,0.5,2,100,0.0,0.932,0.01125841907196565,0.0,0.0,0.34077137929995,0.1779598339999211,0.032,0.0039354796403996304,2000.0,1.1587511874986376
eod,0.5,2,100,0.02,0.954,0.009368457717255283,0.0,0.0,0.3400325364291919,0.1535165000022971,0.05,0.009746794344808964,500.0,1.1877978339980473
eod,0.5,2,100,0.05,0.974,0.007116740827092135,0.0,0.0,0.3448470546290515,0.1750407500003348,0.046,0.00936845771725528,500.0,1.335536915998091
eod,0.5,2,100,0.1,0.986,0.0052543315464481325,0.0,0.0,0.3637153841997189,0.14256558399938513,0.1,0.01341640786499874,500.0,1.132102000003215
eod,0.5,2,100,0.2,0.994,0.0034536936748935927,0.0,0.0,0.4096769722520558,0.12971458399988478,0.392,0.021832819332372078,500.0,1.3103135819983436
eod,0.5,2,1000,0.0,0.964,0.008331146379700699,0.0,0.0,0.11043929774793547,0.18984249999630265,0.0515,0.004942051699446294,2000.0,1.7130546664993744
eod,0.5,2,1000,0.02,0.984,0.00561141693336006,0.0,0.0,0.11392458576832609,0.15595333400415257,0.086,0.012538261442480771,500.0,1.586816834002093
eod,0.5,2,1000,0.05,0.992,0.003983967871356396,0.0,0.0,0.12888169866747995,0.12260283400246408,0.26,0.019616319736382767,500.0,1.543320249998942
eod,0.5,2,1000,0.1,0.982,0.005945754788082,0.0,0.0,0.15091213594266617,0.20532833399920492,0.754,0.019260529587734602,500.0,1.5835700839961646
eod,0.5,2,1000,0.2,0.98,0.006260990336999414,0.0,0.0,0.1517346090407923,0.18114216600224609,1.0,0.0,500.0,1.7552518339944072
eod,0.5,2,30,0.0,0.936,0.01094568408095172,0.0,0.0,0.5770379093865644,0.2030254999990575,0.037,0.0042208411483968455,2000.0,1.27021689600042
eod,0.5,2,30,0.02,0.95,0.00974679434480897,0.0,0.0,0.580764665921036,0.17933849999826634,0.044,0.009172131704244111,500.0,1.2910129160009092
eod,0.5,2,30,0.05,0.962,0.008550555537507495,0.0,0.0,0.5771629144063195,0.1718223339994438,0.038,0.00855055553750749,500.0,1.306678667999222
eod,0.5,2,30,0.1,0.98,0.006260990336999414,0.0,0.0,0.5923285806686681,0.19352083199919434,0.052,0.00992935043192655,500.0,1.167935833997035
eod,0.5,2,30,0.2,0.986,0.0052543315464481325,0.0,0.0,0.6077514359724054,0.18567924999661045,0.112,0.014103616557464968,500.0,1.2877141680000932
eod,0.5,2,unequal,0.0,0.944,0.010282412168358165,0.0,0.0,0.40570855160052577,0.18756500000017695,0.031,0.003875499967746097,2000.0,1.5110225834996527
eod,0.5,2,unequal,0.02,0.96,0.008763560920082661,0.0,0.0,0.41239412713243984,0.14506533199892147,0.034,0.008104813384649889,500.0,1.6537122500012629
eod,0.5,2,unequal,0.05,0.958,0.00897061870775924,0.0,0.0,0.41001765684428354,0.13797733200044604,0.05,0.009746794344808964,500.0,1.448629083999549
eod,0.5,2,unequal,0.1,0.98,0.006260990336999414,0.0,0.0,0.4181576143390942,0.14260099999955855,0.06,0.010620734437881401,500.0,1.5139663320005639
eod,0.5,2,unequal,0.2,0.976,0.006844559883586383,0.0,0.0,0.44193979573875275,0.17002816600142978,0.186,0.017401379255679705,500.0,1.5372363319984288
eod,0.5,3,100,0.0,0.954,0.009368457717255283,0.0,0.0,0.42462099881455456,0.17580533199361525,0.049,0.0048269555622566076,2000.0,2.3857866045000264
eod,0.5,3,100,0.02,0.976,0.006844559883586383,0.0,0.0,0.42057833807345546,0.21246174999396317,0.052,0.00992935043192655,500.0,2.197400249999191
eod,0.5,3,100,0.05,0.982,0.005945754788082,0.0,0.0,0.43494407685215675,0.16334958199877292,0.09,0.012798437404620925,500.0,2.333444750001945
eod,0.5,3,100,0.1,0.986,0.0052543315464481325,0.0,0.0,0.4445827090694386,0.1680004160007229,0.122,0.014636666287102402,500.0,2.3335395000030985
eod,0.5,3,100,0.2,0.992,0.003983967871356396,0.0,0.0,0.48942368127453095,0.18220975000440376,0.368,0.021567382780485908,500.0,2.2212917500000913
eod,0.5,3,1000,0.0,0.96,0.008763560920082661,0.0,0.0,0.13743611493716879,0.15143600000010338,0.0505,0.00489641450451246,2000.0,2.956361687500248
eod,0.5,3,1000,0.02,0.996,0.002822764602300377,0.0,0.0,0.141155219501898,0.18773216800036607,0.094,0.013050976974924139,500.0,2.722625333997712
eod,0.5,3,1000,0.05,0.988,0.004869496893930627,0.0,0.0,0.15792590289745048,0.18658899999718415,0.268,0.0198078772209442,500.0,3.1615840000013122
eod,0.5,3,1000,0.1,0.992,0.003983967871356396,0.0,0.0,0.17906140015857266,0.19844241599639645,0.802,0.017821111076473318,500.0,3.0414568340056576
eod,0.5,3,1000,0.2,0.988,0.004869496893930627,0.0,0.0,0.17825622620266637,0.1806958340021083,1.0,0.0,500.0,3.078658500002348
eod,0.5,3,30,0.0,0.954,0.009368457717255283,0.0,0.0,0.7176955342857547,0.161076584001421,0.045,0.004635461142108733,2000.0,2.492797208000411
eod,0.5,3,30,0.02,0.954,0.009368457717255283,0.0,0.0,0.7189910621165738,0.21250283400149783,0.056,0.010282412168358162,500.0,2.6506494999994175
eod,0.5,3,30,0.05,0.97,0.007628892449104264,0.0,0.0,0.7178817563365578,0.16253541799960658,0.058,0.010453324829928513,500.0,2.496676665999985
eod,0.5,3,30,0.1,0.988,0.004869496893930627,0.0,0.0,0.7212056887229047,0.16547325000283308,0.078,0.011992997957141493,500.0,2.566769249999197
eod,0.5,3,30,0.2,0.992,0.003983967871356396,0.0,0.0,0.7491415338556193,0.17553566599963233,0.144,0.01570121014444428,500.0,2.348907749998034
eod,0.5,3,unequal,0.0,0.944,0.010282412168358165,0.0,0.0,0.49677256679745324,0.1842681679991074,0.045,0.004635461142108733,2000.0,2.7804455000004964
eod,0.5,3,unequal,0.02,0.96,0.008763560920082661,0.0,0.0,0.48845257292743105,0.21933024999452755,0.054,0.010107818755794942,500.0,2.7055729160056217
eod,0.5,3,unequal,0.05,0.986,0.0052543315464481325,0.0,0.0,0.49807649382070146,0.22746541800006526,0.046,0.00936845771725528,500.0,2.6991472500012605
eod,0.5,3,unequal,0.1,0.988,0.004869496893930627,0.0,0.0,0.5034017900359914,0.22201983199920505,0.094,0.013050976974924139,500.0,2.5925967500006664
eod,0.5,3,unequal,0.2,0.99,0.0044497190922574,0.0,0.0,0.5269589321174054,0.22556583400000818,0.214,0.01834142851579451,500.0,2.618320000001404
eod,0.5,5,100,0.0,0.954,0.009368457717255283,0.0,0.0,0.5038709263790855,0.247257165996416,0.0485,0.004803527349771208,2000.0,3.645000770500701
eod,0.5,5,100,0.02,0.978,0.006559878047646925,0.0,0.0,0.5064201064034694,0.23359324999910314,0.044,0.009172131704244111,500.0,3.7631675000011455
eod,0.5,5,100,0.05,0.99,0.0044497190922574,0.0,0.0,0.5147066454144037,0.24660258399671875,0.05,0.009746794344808964,500.0,3.664625249999517
eod,0.5,5,100,0.1,0.992,0.003983967871356396,0.0,0.0,0.5280130958210907,0.23894700000528246,0.106,0.013766916866168693,500.0,3.7178032500014524
eod,0.5,5,100,0.2,0.998,0.001997998998998749,0.0,0.0,0.5682853948706004,0.24230850000458304,0.426,0.02211442967837968,500.0,3.6519120000011753
eod,0.5,5,1000,0.0,0.938,0.010784804124322337,0.0,0.0,0.1667071145289311,0.2583725840013358,0.0495,0.004850244839180801,2000.0,5.275005437501022
eod,0.5,5,1000,0.02,0.984,0.00561141693336006,0.0,0.0,0.17081012706145554,0.20383125000080327,0.072,0.011559930795640603,500.0,4.9223886679974385
eod,0.5,5,1000,0.05,0.996,0.002822764602300377,0.0,0.0,0.18364338996245044,0.2517429159997846,0.218,0.018464885594013304,500.0,4.982486667999183
eod,0.5,5,1000,0.1,0.994,0.0034536936748935927,0.0,0.0,0.20625612676210592,0.21454924999852665,0.834,0.016639951923007473,500.0,5.214707334002014
eod,0.5,5,1000,0.2,0.998,0.001997998998998749,0.0,0.0,0.204598019660389,0.2134643339959439,1.0,0.0,500.0,5.340388249998796
eod,0.5,5,30,0.0,0.928,0.0115599307956406,0.0,0.0,0.8520282988162579,0.21653033400070854,0.04,0.004381780460041329,2000.0,3.8605681664994336
eod,0.5,5,30,0.02,0.952,0.009559916317625384,0.0,0.0,0.8566765438100292,0.22025833200314082,0.04,0.008763560920082658,500.0,3.9807963319981354
eod,0.5,5,30,0.05,0.954,0.009368457717255283,0.0,0.0,0.8556008308042226,0.21395583199773682,0.054,0.010107818755794942,500.0,3.8521442499986733
eod,0.5,5,30,0.1,0.99,0.0044497190922574,0.0,0.0,0.863488060767112,0.21208174999628682,0.062,0.010784804124322332,500.0,3.8588022499970975
eod,0.5,5,30,0.2,0.984,0.00561141693336006,0.0,0.0,0.8763070899899388,0.21121149999817135,0.122,0.014636666287102402,500.0,3.9457576679997146
eod,0.5,5,unequal,0.0,0.948,0.009929350431926557,0.0,0.0,0.6001930347903497,0.182133165995765,0.0495,0.004850244839180801,2000.0,4.692281604000527
eod,0.5,5,unequal,0.02,0.982,0.005945754788082,0.0,0.0,0.5979976755239215,0.23694741600047564,0.052,0.00992935043192655,500.0,4.427054166000744
eod,0.5,5,unequal,0.05,0.99,0.0044497190922574,0.0,0.0,0.6017762224400844,0.242870000001858,0.058,0.010453324829928513,500.0,4.6409132499975385
eod,0.5,5,unequal,0.1,0.99,0.0044497190922574,0.0,0.0,0.6211068351650205,0.2074380839985679,0.096,0.013174520864152897,500.0,4.837737668000045
eod,0.5,5,unequal,0.2,0.992,0.003983967871356396,0.0,0.0,0.6426814160286172,0.1679027499994845,0.208,0.018151363585141474,500.0,4.679025666002417
mae,exponential,2,100,0.0,0.948,0.009929350431926557,0.0,0.0,0.38960713166708716,0.13129516600019997,0.0475,0.004756245893559331,2000.0,12.438856041500912
mae,exponential,2,100,0.02,0.978,0.006559878047646925,0.0,0.0,0.3843156110465258,0.10256049999588868,,,,
mae,exponential,2,100,0.05,0.98,0.006260990336999414,0.0,0.0,0.4046502651569701,0.15954058399802307,,,,
mae,exponential,2,100,0.1,0.982,0.005945754788082,0.0,0.0,0.43365358863879666,0.13739874999737367,0.118,0.014427473791346842,500.0,12.426709583996853
mae,exponential,2,100,0.2,0.97,0.007628892449104264,0.0,0.0,0.49665341690809084,0.135865668002225,,,,
mae,exponential,2,1000,0.0,0.928,0.0115599307956406,0.0,0.0,0.12283622756491647,0.19431824999628589,0.0475,0.004756245893559331,2000.0,128.73513752100007
mae,exponential,2,1000,0.02,0.986,0.0052543315464481325,0.0,0.0,0.1258182662541013,0.18966016799822683,,,,
mae,exponential,2,1000,0.05,0.962,0.008550555537507495,0.0,0.0,0.1425380844139355,0.19050350000179606,,,,
mae,exponential,2,1000,0.1,0.952,0.009559916317625384,0.0,0.0,0.1700518879177539,0.1438041660003364,0.542,0.022281651644346295,500.0,125.4980218319979
mae,exponential,2,1000,0.2,0.948,0.009929350431926557,0.0,0.0,0.19334106200504614,0.19360208199941553,,,,
mae,exponential,2,30,0.0,0.954,0.009368457717255283,0.0,0.0,0.7058886144686778,0.17334549999941373,0.045,0.004635461142108733,2000.0,3.6124411875007354
mae,exponential,2,30,0.02,0.968,0.007870959280799264,0.0,0.0,0.7157083197241636,0.1473053340014303,,,,
mae,exponential,2,30,0.05,0.966,0.008104813384649892,0.0,0.0,0.7340379095409446,0.16676791600184515,,,,
mae,exponential,2,30,0.1,0.986,0.0052543315464481325,0.0,0.0,0.7659662701852217,0.1779662500048289,0.06,0.010620734437881401,500.0,3.5560518319980474
mae,exponential,2,30,0.2,0.986,0.0052543315464481325,0.0,0.0,0.8262291231304262,0.17076441799872555,,,,
mae,exponential,2,unequal,0.0,0.916,0.012405160216619531,0.0,0.0,0.5066311406845994,0.17933949999860488,0.0375,0.004248161366991607,2000.0,202.54842954149902
mae,exponential,2,unequal,0.02,0.96,0.008763560920082661,0.0,0.0,0.5264676552131607,0.19592991800163873,,,,
mae,exponential,2,unequal,0.05,0.974,0.007116740827092135,0.0,0.0,0.5389509749232482,0.2182295000020531,,,,
mae,exponential,2,unequal,0.1,0.988,0.004869496893930627,0.0,0.0,0.5769669050305934,0.17570666599931428,0.108,0.013880633991284405,500.0,200.9840926659963
mae,exponential,2,unequal,0.2,0.996,0.002822764602300377,0.0,0.0,0.6768453179665276,0.1938043340051081,,,,
mae,exponential,3,100,0.0,0.954,0.009368457717255283,0.0,0.0,0.5101341741407497,0.3442625820025569,0.0495,0.004850244839180801,2000.0,18.734252792000916
mae,exponential,3,100,0.02,0.972,0.0073778045514909145,0.0,0.0,0.5124889680397423,0.2875147500017192,,,,
mae,exponential,3,100,0.05,0.986,0.0052543315464481325,0.0,0.0,0.5316866912630797,0.3441926660016179,,,,
mae,exponential,3,100,0.1,0.984,0.00561141693336006,0.0,0.0,0.547240181350283,0.2905377499992028,0.098,0.013296315279053818,500.0,18.654159917998186
mae,exponential,3,100,0.2,0.986,0.0052543315464481325,0.0,0.0,0.6176821036651526,0.32372333200328285,,,,
mae,exponential,3,1000,0.0,0.958,0.00897061870775924,0.0,0.0,0.15989444367582806,0.3142668340005912,0.0505,0.00489641450451246,2000.0,208.5719628959996
mae,exponential,3,1000,0.02,0.968,0.007870959280799264,0.0,0.0,0.16465509469291653,0.3498856660007732,,,,
mae,exponential,3,1000,0.05,0.984,0.00561141693336006,0.0,0.0,0.18010334161970848,0.3701391659997171,,,,
mae,exponential,3,1000,0.1,0.982,0.005945754788082,0.0,0.0,0.21031668889122432,0.3010073320037918,0.556,0.022219990999098087,500.0,214.46081416800007
mae,exponential,3,1000,0.2,0.99,0.0044497190922574,0.0,0.0,0.23453651376160634,0.36194416799844475,,,,
mae,exponential,3,30,0.0,0.962,0.008550555537507495,0.0,0.0,0.9455997311044815,0.2828851680023945,0.0535,0.005031786462082826,2000.0,5.588413854000464
mae,exponential,3,30,0.02,0.97,0.007628892449104264,0.0,0.0,0.9582414634689767,0.2951607499999227,,,,
mae,exponential,3,30,0.05,0.982,0.005945754788082,0.0,0.0,0.9951221082689237,0.3007027499988908,,,,
mae,exponential,3,30,0.1,0.978,0.006559878047646925,0.0,0.0,0.9857509393912147,0.31055358400044497,0.054,0.010107818755794942,500.0,5.486469668001519
mae,exponential,3,30,0.2,0.996,0.002822764602300377,0.0,0.0,1.0761444875796156,0.3112524999960442,,,,
mae,exponential,3,unequal,0.0,0.936,0.01094568408095172,0.0,0.0,0.6283053201762319,0.301574917997641,0.0445,0.004610843198374892,2000.0,235.97546814549972
mae,exponential,3,unequal,0.02,0.954,0.009368457717255283,0.0,0.0,0.6391908770658973,0.343667084001936,,,,
mae,exponential,3,unequal,0.05,0.99,0.0044497190922574,0.0,0.0,0.6621478048591839,0.3541125839983579,,,,
mae,exponential,3,unequal,0.1,0.994,0.0034536936748935927,0.0,0.0,0.6917418936527979,0.35220066599868005,0.108,0.013880633991284405,500.0,235.02755175000493
mae,exponential,3,unequal,0.2,0.992,0.003983967871356396,0.0,0.0,0.7968888068971163,0.3217870000007679,,,,
mae,exponential,5,100,0.0,0.966,0.008104813384649892,0.0,0.0,0.6305243811523703,0.7735335000033956,0.0485,0.004803527349771208,2000.0,28.872015395500057
mae,exponential,5,100,0.02,0.96,0.008763560920082661,0.0,0.0,0.6423887667180282,0.8567530840009567,,,,
mae,exponential,5,100,0.05,0.984,0.00561141693336006,0.0,0.0,0.6558445309921821,0.7883004160030396,,,,
mae,exponential,5,100,0.1,0.998,0.001997998998998749,0.0,0.0,0.6843533618840074,0.8640650840025046,0.09,0.012798437404620925,500.0,28.897945415999857
mae,exponential,5,100,0.2,0.992,0.003983967871356396,0.0,0.0,0.7446339812644783,0.8497879160058801,,,,
mae,exponential,5,1000,0.0,0.958,0.00897061870775924,0.0,0.0,0.19795933779465644,1.2440504179976415,0.0575,0.005205465877325487,2000.0,312.0503225625016
mae,exponential,5,1000,0.02,0.994,0.0034536936748935927,0.0,0.0,0.20129398834188317,0.9717148339987034,,,,
mae,exponential,5,1000,0.05,0.984,0.00561141693336006,0.0,0.0,0.212683509607909,0.890852749995247,,,,
mae,exponential,5,1000,0.1,0.992,0.003983967871356396,0.0,0.0,0.24713649206303523,1.0730796659991029,0.62,0.021707141681944216,500.0,314.43913633399643
mae,exponential,5,1000,0.2,1.0,0.0,0.0,0.0,0.27365059823057275,0.9018554180001956,,,,
mae,exponential,5,30,0.0,0.98,0.006260990336999414,0.0,0.0,1.198491563663746,0.7800005839962978,0.0435,0.004561126505590478,2000.0,9.43829352099965
mae,exponential,5,30,0.02,0.976,0.006844559883586383,0.0,0.0,1.2215457513131733,0.8574687500004075,,,,
mae,exponential,5,30,0.05,0.988,0.004869496893930627,0.0,0.0,1.221732812527606,0.897341249998135,,,,
mae,exponential,5,30,0.1,0.994,0.0034536936748935927,0.0,0.0,1.2523418025153046,0.8401264999993145,0.054,0.010107818755794942,500.0,9.711296083994966
mae,exponential,5,30,0.2,1.0,0.0,0.0,0.0,1.3100425898208925,0.7979984179983148,,,,
mae,exponential,5,unequal,0.0,0.956,0.009172131704244116,0.0,0.0,0.7866969011394614,0.8535519159995602,0.0545,0.005075911248239078,2000.0,285.3481306039994
mae,exponential,5,unequal,0.02,0.964,0.008331146379700699,0.0,0.0,0.7974373902926111,0.8302897499961546,,,,
mae,exponential,5,unequal,0.05,0.99,0.0044497190922574,0.0,0.0,0.8311531179651888,0.988518666003074,,,,
mae,exponential,5,unequal,0.1,0.998,0.001997998998998749,0.0,0.0,0.8610228983529787,0.8635773339992738,0.128,0.014940950438308804,500.0,310.8364483339974
mae,exponential,5,unequal,0.2,0.998,0.001997998998998749,0.0,0.0,0.9887673549432213,0.8656934180035023,,,,
mae,halfnormal,2,100,0.0,0.938,0.010784804124322337,0.0,0.0,0.2934803877921303,0.15782224999566097,0.0445,0.004610843198374892,2000.0,12.616374875000474
mae,halfnormal,2,100,0.02,0.96,0.008763560920082661,0.0,0.0,0.29737443972580674,0.17305333399417577,,,,
mae,halfnormal,2,100,0.05,0.982,0.005945754788082,0.0,0.0,0.31123738883461927,0.12489366599766072,,,,
mae,halfnormal,2,100,0.1,0.964,0.008331146379700699,0.0,0.0,0.33429005707734943,0.1612574999962817,0.13,0.015039946808416579,500.0,12.468760415998986
mae,halfnormal,2,100,0.2,0.97,0.007628892449104264,0.0,0.0,0.402293585026566,0.20437833400501404,,,,
mae,halfnormal,2,1000,0.0,0.94,0.010620734437881408,0.0,0.0,0.09333134432612504,0.15045316600298975,0.0465,0.004708383480558906,2000.0,129.38418370850013
mae,halfnormal,2,1000,0.02,0.986,0.0052543315464481325,0.0,0.0,0.09707168466872321,0.19687858399993274,,,,
mae,halfnormal,2,1000,0.05,0.974,0.007116740827092135,0.0,0.0,0.11419347848896813,0.15956400000141002,,,,
mae,halfnormal,2,1000,0.1,0.97,0.007628892449104264,0.0,0.0,0.13601023516576016,0.20013133400061633,0.824,0.017030795636141023,500.0,127.05481491600221
mae,halfnormal,2,1000,0.2,0.966,0.008104813384649892,0.0,0.0,0.14639660964507575,0.18832441600534366,,,,
mae,halfnormal,2,30,0.0,0.944,0.010282412168358165,0.0,0.0,0.5429913312043575,0.15010841799812624,0.049,0.0048269555622566076,2000.0,3.63323054149987
mae,halfnormal,2,30,0.02,0.954,0.009368457717255283,0.0,0.0,0.5530939957020237,0.15384566599823302,,,,
mae,halfnormal,2,30,0.05,0.962,0.008550555537507495,0.0,0.0,0.5602851863672017,0.15597033199446741,,,,
mae,halfnormal,2,30,0.1,0.968,0.007870959280799264,0.0,0.0,0.6011830117883785,0.15648258200235432,0.064,0.010945684080951725,500.0,3.62368241600052
mae,halfnormal,2,30,0.2,0.978,0.006559878047646925,0.0,0.0,0.656100046764122,0.15251800000260118,,,,
mae,halfnormal,2,unequal,0.0,0.926,0.011706750189527404,0.0,0.0,0.39122773082245077,0.28813958400132833,0.041,0.004433903472111228,2000.0,201.81292127050077
mae,halfnormal,2,unequal,0.02,0.96,0.008763560920082661,0.0,0.0,0.3955754043324553,0.1617496660037432,,,,
mae,halfnormal,2,unequal,0.05,0.982,0.005945754788082,0.0,0.0,0.4151587084878275,0.16938016600033734,,,,
mae,halfnormal,2,unequal,0.1,0.984,0.00561141693336006,0.0,0.0,0.4467856806632163,0.17548691599949962,0.13,0.015039946808416579,500.0,200.22551558199484
mae,halfnormal,2,unequal,0.2,0.986,0.0052543315464481325,0.0,0.0,0.5405987071757755,0.2538222500006668,,,,
mae,halfnormal,3,100,0.0,0.956,0.009172131704244116,0.0,0.0,0.38686009496585494,0.35632150000310503,0.0465,0.004708383480558906,2000.0,18.95525397900019
mae,halfnormal,3,100,0.02,0.968,0.007870959280799264,0.0,0.0,0.39026805761070443,0.3445589159964584,,,,
mae,halfnormal,3,100,0.05,0.978,0.006559878047646925,0.0,0.0,0.39996510953725806,0.3315419179998571,,,,
mae,halfnormal,3,100,0.1,0.98,0.006260990336999414,0.0,0.0,0.4283621024380494,0.27722758400341263,0.134,0.015234434679370286,500.0,19.109082167997258
mae,halfnormal,3,100,0.2,0.99,0.0044497190922574,0.0,0.0,0.5026268409248115,0.3155189999961294,,,,
mae,halfnormal,3,1000,0.0,0.95,0.00974679434480897,0.0,0.0,0.12141385687904367,0.4183225839951774,0.0455,0.004659922209651144,2000.0,208.70012770850008
mae,halfnormal,3,1000,0.02,0.986,0.0052543315464481325,0.0,0.0,0.12316473770899367,0.41369616600422887,,,,
mae,halfnormal,3,1000,0.05,0.974,0.007116740827092135,0.0,0.0,0.14269700543893027,0.32753491600306006,,,,
mae,halfnormal,3,1000,0.1,0.984,0.00561141693336006,0.0,0.0,0.16634085168422097,0.5256338339968352,0.826,0.016954291492126707,500.0,206.3650676679972
mae,halfnormal,3,1000,0.2,0.98,0.006260990336999414,0.0,0.0,0.1780941440528424,0.30334691800089786,,,,
mae,halfnormal,3,30,0.0,0.954,0.009368457717255283,0.0,0.0,0.714916064912945,0.3901483340014238,0.0425,0.0045107510461119445,2000.0,5.8887193749997095
mae,halfnormal,3,30,0.02,0.978,0.006559878047646925,0.0,0.0,0.7126510333470853,0.29169841600378277,,,,
mae,halfnormal,3,30,0.05,0.984,0.00561141693336006,0.0,0.0,0.73708040071593,0.33890975000394974,,,,
mae,halfnormal,3,30,0.1,0.964,0.008331146379700699,0.0,0.0,0.7483959616514607,0.3311204159981571,0.06,0.010620734437881401,500.0,5.734097250002378
mae,halfnormal,3,30,0.2,0.996,0.002822764602300377,0.0,0.0,0.8339345588592636,0.3082890000005136,,,,
mae,halfnormal,3,unequal,0.0,0.952,0.009559916317625384,0.0,0.0,0.49096144785554996,0.4179651680024108,0.0485,0.004803527349771208,2000.0,236.16196035399844
mae,halfnormal,3,unequal,0.02,0.974,0.007116740827092135,0.0,0.0,0.487070099428266,0.3236468339964631,,,,
mae,halfnormal,3,unequal,0.05,0.99,0.0044497190922574,0.0,0.0,0.5126071256929112,0.34852966600010404,,,,
mae,halfnormal,3,unequal,0.1,0.992,0.003983967871356396,0.0,0.0,0.5458823816851179,0.3666735000006156,0.14,0.01551773179301666,500.0,238.45885483200254
mae,halfnormal,3,unequal,0.2,0.996,0.002822764602300377,0.0,0.0,0.6448992131748574,0.35217258400371065,,,,
mae,halfnormal,5,100,0.0,0.964,0.008331146379700699,0.0,0.0,0.4795506163862424,0.8984205000015208,0.0415,0.004459694496263169,2000.0,29.879669770500186
mae,halfnormal,5,100,0.02,0.98,0.006260990336999414,0.0,0.0,0.4817732916465098,0.8590611659965361,,,,
mae,halfnormal,5,100,0.05,0.986,0.0052543315464481325,0.0,0.0,0.4906002730865782,0.8452258319957764,,,,
mae,halfnormal,5,100,0.1,0.994,0.0034536936748935927,0.0,0.0,0.5143941746303983,0.6478532499968424,0.134,0.015234434679370286,500.0,29.903092915999878
mae,halfnormal,5,100,0.2,0.992,0.003983967871356396,0.0,0.0,0.5902888778078723,0.8520050000006449,,,,
mae,halfnormal,5,1000,0.0,0.964,0.008331146379700699,0.0,0.0,0.15080886732000362,1.4998808320015087,0.0535,0.005031786462082826,2000.0,311.25586902100076
mae,halfnormal,5,1000,0.02,0.982,0.005945754788082,0.0,0.0,0.15439460012439143,0.9765920840000035,,,,
mae,halfnormal,5,1000,0.05,0.994,0.0034536936748935927,0.0,0.0,0.17140325278836224,1.009495082005742,,,,
mae,halfnormal,5,1000,0.1,0.984,0.00561141693336006,0.0,0.0,0.1949095122975305,0.9609698340063915,0.842,0.016311713582576173,500.0,316.2449152499976
mae,halfnormal,5,1000,0.2,0.994,0.0034536936748935927,0.0,0.0,0.20824747885904396,1.181654415995581,,,,
mae,halfnormal,5,30,0.0,0.974,0.007116740827092135,0.0,0.0,0.8954619137588277,0.7640826659990125,0.051,0.004919298730510275,2000.0,9.727206958499664
mae,halfnormal,5,30,0.02,0.972,0.0073778045514909145,0.0,0.0,0.8972413371946074,0.8254349179987912,,,,
mae,halfnormal,5,30,0.05,0.97,0.007628892449104264,0.0,0.0,0.9059679860530518,0.8927238339965697,,,,
mae,halfnormal,5,30,0.1,0.994,0.0034536936748935927,0.0,0.0,0.933417773214559,0.9127191660008975,0.06,0.010620734437881401,500.0,9.49918541599618
mae,halfnormal,5,30,0.2,0.992,0.003983967871356396,0.0,0.0,1.0041244296754248,1.065749583998695,,,,
mae,halfnormal,5,unequal,0.0,0.956,0.009172131704244116,0.0,0.0,0.6058052088415639,1.0038587500021094,0.0565,0.005162739098579358,2000.0,307.07742356249946
mae,halfnormal,5,unequal,0.02,0.984,0.00561141693336006,0.0,0.0,0.601870574328108,0.9506211659972905,,,,
mae,halfnormal,5,unequal,0.05,0.992,0.003983967871356396,0.0,0.0,0.6262824927381269,0.8635338339954615,,,,
mae,halfnormal,5,unequal,0.1,0.998,0.001997998998998749,0.0,0.0,0.661341391826192,0.8299936659968807,0.13,0.015039946808416579,500.0,303.6912317499955
mae,halfnormal,5,unequal,0.2,0.998,0.001997998998998749,0.0,0.0,0.7822013735809328,0.9314656659989851,,,,
mae,lognormal,2,100,0.0,0.942,0.010453324829928518,0.0,0.0,0.489556616768596,0.155466833995888,0.051,0.004919298730510275,2000.0,12.823916437499065
mae,lognormal,2,100,0.02,0.97,0.007628892449104264,0.0,0.0,0.5011737398701382,0.13202483399800258,,,,
mae,lognormal,2,100,0.05,0.984,0.00561141693336006,0.0,0.0,0.5090846323332078,0.17318241800239775,,,,
mae,lognormal,2,100,0.1,0.974,0.007116740827092135,0.0,0.0,0.5305651304720372,0.1383821679992252,0.082,0.012269963325128565,500.0,12.37247875000321
mae,lognormal,2,100,0.2,0.988,0.004869496893930627,0.0,0.0,0.6066366588735645,0.17433066599915037,,,,
mae,lognormal,2,1000,0.0,0.954,0.009368457717255283,0.0,0.0,0.16049113042186625,0.194627416000003,0.053,0.005009540897128199,2000.0,125.82498114599912
mae,lognormal,2,1000,0.02,0.966,0.008104813384649892,0.0,0.0,0.1657680281363052,0.3666226660061511,,,,
mae,lognormal,2,1000,0.05,0.972,0.0073778045514909145,0.0,0.0,0.1786602325424044,0.26570599999831757,,,,
mae,lognormal,2,1000,0.1,0.984,0.00561141693336006,0.0,0.0,0.2074399189193374,0.24530358199990587,0.332,0.02106067425321421,500.0,125.03891900000599
mae,lognormal,2,1000,0.2,0.956,0.009172131704244116,0.0,0.0,0.2468196243816762,0.264461749997281,,,,
mae,lognormal,2,30,0.0,0.962,0.008550555537507495,0.0,0.0,0.8951531611858121,0.09632108399819117,0.0575,0.005205465877325487,2000.0,3.942707916499785
mae,lognormal,2,30,0.02,0.976,0.006844559883586383,0.0,0.0,0.8753023593863898,0.13525733400456375,,,,
mae,lognormal,2,30,0.05,0.978,0.006559878047646925,0.0,0.0,0.9285439192619355,0.14545058400108246,,,,
mae,lognormal,2,30,0.1,0.986,0.0052543315464481325,0.0,0.0,0.9203744804844924,0.18419183199875988,0.048,0.009559916317625379,500.0,3.8010442500017234
mae,lognormal,2,30,0.2,0.976,0.006844559883586383,0.0,0.0,1.0385246809548943,0.17225758399581537,,,,
mae,lognormal,2,unequal,0.0,0.876,0.014739335127474372,0.0,0.0,0.5835848116964397,0.23475391599640716,0.0505,0.00489641450451246,2000.0,201.77677481249881
mae,lognormal,2,unequal,0.02,0.924,0.01185107590052481,0.0,0.0,0.6416438892932436,0.19454866600426612,,,,
mae,lognormal,2,unequal,0.05,0.918,0.012269963325128561,0.0,0.0,0.6468495694454826,0.24799391799751902,,,,
mae,lognormal,2,unequal,0.1,0.976,0.006844559883586383,0.0,0.0,0.6992486254083493,0.321405582006264,0.094,0.013050976974924139,500.0,206.08676166599616
mae,lognormal,2,unequal,0.2,0.994,0.0034536936748935927,0.0,0.0,0.7814842245322404,0.24994058399897767,,,,
mae,lognormal,3,100,0.0,0.958,0.00897061870775924,0.0,0.0,0.6541842414075091,0.31735583399859024,0.0425,0.0045107510461119445,2000.0,18.70813960399937
mae,lognormal,3,100,0.02,0.978,0.006559878047646925,0.0,0.0,0.6898879686021913,0.2432623339991551,,,,
mae,lognormal,3,100,0.05,0.98,0.006260990336999414,0.0,0.0,0.6930159707278201,0.2937972500003525,,,,
mae,lognormal,3,100,0.1,0.994,0.0034536936748935927,0.0,0.0,0.7115010154637115,0.393049999998766,0.09,0.012798437404620925,500.0,18.596263334002288
mae,lognormal,3,100,0.2,0.996,0.002822764602300377,0.0,0.0,0.770056702916826,0.26323299999785377,,,,
mae,lognormal,3,1000,0.0,0.97,0.007628892449104264,0.0,0.0,0.21065436831189505,0.4140352500035078,0.045,0.004635461142108733,2000.0,206.15718866700078
mae,lognormal,3,1000,0.02,0.98,0.006260990336999414,0.0,0.0,0.21690484579395383,0.5062489160045516,,,,
mae,lognormal,3,1000,0.05,0.996,0.002822764602300377,0.0,0.0,0.22692696016632094,0.4060460000036983,,,,
mae,lognormal,3,1000,0.1,0.972,0.0073778045514909145,0.0,0.0,0.25910811023379193,0.3739551679973374,0.354,0.021386163751360363,500.0,205.55097391599702
mae,lognormal,3,1000,0.2,0.984,0.00561141693336006,0.0,0.0,0.2977423458728354,0.41790566599956946,,,,
mae,lognormal,3,30,0.0,0.97,0.007628892449104264,0.0,0.0,1.2557440079372477,0.5324152500033961,0.0465,0.004708383480558906,2000.0,5.9755320210006175
mae,lognormal,3,30,0.02,0.978,0.006559878047646925,0.0,0.0,1.240745991605566,0.296288249999634,,,,
mae,lognormal,3,30,0.05,0.988,0.004869496893930627,0.0,0.0,1.3065660411100075,0.3330515000052401,,,,
mae,lognormal,3,30,0.1,0.986,0.0052543315464481325,0.0,0.0,1.2501952642117649,0.3607412499986822,0.064,0.010945684080951725,500.0,6.112416249998205
mae,lognormal,3,30,0.2,0.996,0.002822764602300377,0.0,0.0,1.340550832419359,0.35371233399928315,,,,
mae,lognormal,3,unequal,0.0,0.882,0.014427473791346842,0.0,0.0,0.7625049775140746,0.43559649999951944,0.0465,0.004708383480558906,2000.0,202.03365660400047
mae,lognormal,3,unequal,0.02,0.928,0.0115599307956406,0.0,0.0,0.7921904902503659,0.41469716600113316,,,,
mae,lognormal,3,unequal,0.05,0.96,0.008763560920082661,0.0,0.0,0.795809204824004,0.42864841599657666,,,,
mae,lognormal,3,unequal,0.1,0.978,0.006559878047646925,0.0,0.0,0.848767491581707,0.41953449999709846,0.1,0.01341640786499874,500.0,239.5388098320036
mae,lognormal,3,unequal,0.2,1.0,0.0,0.0,0.0,0.968186307750377,0.4299103320008726,,,,
mae,lognormal,5,100,0.0,0.966,0.008104813384649892,0.0,0.0,0.8787893477135641,1.0081659159986884,0.0495,0.004850244839180801,2000.0,30.201273646000118
mae,lognormal,5,100,0.02,0.976,0.006844559883586383,0.0,0.0,0.8544554136224876,0.911378582000907,,,,
mae,lognormal,5,100,0.05,0.998,0.001997998998998749,0.0,0.0,0.869697349969493,0.7633598339962191,,,,
mae,lognormal,5,100,0.1,1.0,0.0,0.0,0.0,0.898929926991995,0.8610891659991466,0.082,0.012269963325128565,500.0,30.73587266800314
mae,lognormal,5,100,0.2,0.998,0.001997998998998749,0.0,0.0,0.959546789427636,0.8842985000010231,,,,
mae,lognormal,5,1000,0.0,0.97,0.007628892449104264,0.0,0.0,0.2648307183198918,0.927224084000045,0.0535,0.005031786462082826,2000.0,308.53589891649966
mae,lognormal,5,1000,0.02,0.988,0.004869496893930627,0.0,0.0,0.2649224117107066,1.0315078339990578,,,,
mae,lognormal,5,1000,0.05,0.988,0.004869496893930627,0.0,0.0,0.2771168953639743,1.0725640839955304,,,,
mae,lognormal,5,1000,0.1,0.992,0.003983967871356396,0.0,0.0,0.3062169859045348,0.8414310839943937,0.362,0.021492138097453217,500.0,311.4999221659964
mae,lognormal,5,1000,0.2,0.998,0.001997998998998749,0.0,0.0,0.34936242967834075,1.133680250000907,,,,
mae,lognormal,5,30,0.0,0.986,0.0052543315464481325,0.0,0.0,1.6580621061216505,1.154411584000627,0.041,0.004433903472111228,2000.0,9.808867604000625
mae,lognormal,5,30,0.02,0.986,0.0052543315464481325,0.0,0.0,1.6823131741093489,0.8563108340022154,,,,
mae,lognormal,5,30,0.05,0.99,0.0044497190922574,0.0,0.0,1.686301019580196,0.8519669160014018,,,,
mae,lognormal,5,30,0.1,0.996,0.002822764602300377,0.0,0.0,1.7292910023294978,0.8462511679972522,0.058,0.010453324829928513,500.0,9.580574081999657
mae,lognormal,5,30,0.2,0.998,0.001997998998998749,0.0,0.0,1.7521587095997608,0.8020934160012985,,,,
mae,lognormal,5,unequal,0.0,0.886,0.014212951839783317,0.0,0.0,0.9642146615353979,0.9670885819941759,0.05,0.004873397172404482,2000.0,223.79126795799854
mae,lognormal,5,unequal,0.02,0.92,0.012132600710482479,0.0,0.0,0.9637903342037362,0.7239086659974419,,,,
mae,lognormal,5,unequal,0.05,0.966,0.008104813384649892,0.0,0.0,1.0304941510761536,0.8599316679974436,,,,
mae,lognormal,5,unequal,0.1,0.984,0.00561141693336006,0.0,0.0,1.0682812985469214,0.8673968340008287,0.106,0.013766916866168693,500.0,301.9952150840036
mae,lognormal,5,unequal,0.2,1.0,0.0,0.0,0.0,1.139409573511545,0.7480893339961767,,,,
