dist,K,n,S,welch,boot_t,edgeworth,ms_boot_t
halfnormal,2,30,500,0.95,0.942,0.938,2.052483603998553
halfnormal,2,100,500,0.95,0.948,0.95,6.239405926018662
halfnormal,2,1000,500,0.942,0.932,0.938,66.94220408406545
halfnormal,2,unequal,500,0.934,0.938,0.93,101.83975750207173
halfnormal,3,30,500,0.954,0.954,0.946,3.2120065920753404
halfnormal,3,100,500,0.94,0.934,0.932,9.706090578016301
halfnormal,3,1000,500,0.956,0.952,0.956,101.35502168003586
halfnormal,3,unequal,500,0.95,0.956,0.95,110.98073006801133
halfnormal,5,30,500,0.966,0.956,0.944,6.050404148008965
halfnormal,5,100,500,0.962,0.95,0.954,17.401322731937398
halfnormal,5,1000,500,0.954,0.936,0.952,168.08787416802807
halfnormal,5,unequal,500,0.95,0.952,0.946,150.49805014993763
exponential,2,30,500,0.938,0.924,0.914,2.206833742035087
exponential,2,100,500,0.956,0.942,0.94,7.405937332063331
exponential,2,1000,500,0.962,0.962,0.962,68.02840513992123
exponential,2,unequal,500,0.954,0.96,0.942,100.76083243596076
exponential,3,30,500,0.972,0.938,0.92,3.0983037499609054
exponential,3,100,500,0.97,0.958,0.96,9.935668234000332
exponential,3,1000,500,0.944,0.934,0.942,100.4878425819843
exponential,3,unequal,500,0.938,0.95,0.936,111.33652934009297
exponential,5,30,500,0.97,0.926,0.892,5.517395103961462
exponential,5,100,500,0.978,0.944,0.948,17.651096513967786
exponential,5,1000,500,0.948,0.936,0.942,155.92244484404364
exponential,5,unequal,500,0.94,0.946,0.946,140.17636003599182
lognormal,2,30,500,0.972,0.938,0.902,2.3080777580325957
lognormal,2,100,500,0.964,0.922,0.9,7.146369019901613
lognormal,2,1000,500,0.946,0.936,0.938,67.49809742000798
lognormal,2,unequal,500,0.878,0.918,0.846,97.3183935559864
lognormal,3,30,500,0.968,0.886,0.778,3.9431524019746576
lognormal,3,100,500,0.96,0.904,0.86,10.55779417395388
lognormal,3,1000,500,0.954,0.938,0.936,89.19929668011173
lognormal,3,unequal,500,0.882,0.9,0.854,94.17598058605654
lognormal,5,30,500,0.986,0.892,0.656,6.357160657942586
lognormal,5,100,500,0.988,0.886,0.78,18.139641669964476
lognormal,5,1000,500,0.974,0.95,0.942,112.39078793001681
lognormal,5,unequal,500,0.904,0.922,0.842,99.85184049611416
