base,K,n,S,coverage,mcse
0.1,2,30,4000,0.99425,0.0011955059075554617
0.1,2,100,4000,0.96875,0.00275106513463422
0.1,2,1000,4000,0.95,0.003446012188022557
0.1,2,unequal,4000,0.98825,0.0017038146539456718
0.1,3,30,4000,0.99675,0.0008999218716088602
0.1,3,100,4000,0.98225,0.002087758217562563
0.1,3,1000,4000,0.95425,0.003303669834441691
0.1,3,unequal,4000,0.97775,0.002332109426034721
0.1,5,30,4000,0.9975,0.0007895805848676795
0.1,5,100,4000,0.9875,0.0017566836653193966
0.1,5,1000,4000,0.96275,0.002994262743147301
0.1,5,unequal,4000,0.964,0.0029455050500720595
0.5,2,30,4000,0.94525,0.0035969583504677936
0.5,2,100,4000,0.94925,0.003470390377896987
0.5,2,1000,4000,0.95175,0.0033882863478460618
0.5,2,unequal,4000,0.932,0.003980452235613435
0.5,3,30,4000,0.93925,0.0037768848771176484
0.5,3,100,4000,0.95275,0.0033547517605629186
0.5,3,1000,4000,0.9525,0.0033631737243264726
0.5,3,unequal,4000,0.9485,0.0034945582696529753
0.5,5,30,4000,0.935,0.0038979161099233508
0.5,5,100,4000,0.95025,0.003437838619685338
0.5,5,1000,4000,0.953,0.003346303931205295
0.5,5,unequal,4000,0.955,0.003277766007511825
