K,n_minor,gap,policy,mean_nan_share,undefined,coverage_uncond,coverage_if_defined,width
2,1,0.0,P0 as-is,0.36631800000000003,1.0,0.0,0.0,
2,1,0.0,P1 fallback pct,0.36631800000000003,0.0,0.0,0.0,0.11241079947603907
2,1,0.0,P2 drop>= 0.99,0.36631800000000003,1.0,0.0,0.0,
2,1,0.0,P2 drop>= 0.9,0.36631800000000003,1.0,0.0,0.0,
2,1,0.0,P3 refuse,0.36631800000000003,1.0,0.0,0.0,
2,1,0.0,S-BCa (stratified),0.36631800000000003,1.0,0.0,0.0,
2,1,0.0,M1 pct stratified,0.36631800000000003,0.0,0.0,0.0,0.11227266666666665
2,1,0.0,M2a simult.,0.36631800000000003,0.0,1.0,1.0,0.7031704790865448
2,1,0.2,P0 as-is,0.36724,1.0,0.0,0.0,
2,1,0.2,P1 fallback pct,0.36724,0.0,0.012,0.012,0.10264603424766948
2,1,0.2,P2 drop>= 0.99,0.36724,1.0,0.0,0.0,
2,1,0.2,P2 drop>= 0.9,0.36724,1.0,0.0,0.0,
2,1,0.2,P3 refuse,0.36724,1.0,0.0,0.0,
2,1,0.2,S-BCa (stratified),0.36724,1.0,0.0,0.0,
2,1,0.2,M1 pct stratified,0.36724,0.0,0.012,0.012,0.103001
2,1,0.2,M2a simult.,0.36724,0.0,1.0,1.0,0.7291798777791719
2,2,0.0,P0 as-is,0.13405999999999996,1.0,0.0,0.0,
2,2,0.0,P1 fallback pct,0.13405999999999996,0.0,0.0,0.0,0.32681685593193294
2,2,0.0,P2 drop>= 0.99,0.13405999999999996,1.0,0.0,0.0,
2,2,0.0,P2 drop>= 0.9,0.13405999999999996,1.0,0.0,0.0,
2,2,0.0,P3 refuse,0.13405999999999996,1.0,0.0,0.0,
2,2,0.0,S-BCa (stratified),0.13405999999999996,0.0,0.472,0.472,0.2018433781345379
2,2,0.0,M1 pct stratified,0.13405999999999996,0.0,0.034,0.034,0.32854700000000003
2,2,0.0,M2a simult.,0.13405999999999996,0.0,1.0,1.0,0.6006497385866778
2,2,0.2,P0 as-is,0.13535799999999998,1.0,0.0,0.0,
2,2,0.2,P1 fallback pct,0.13535799999999998,0.0,0.476,0.476,0.3908366528877753
2,2,0.2,P2 drop>= 0.99,0.13535799999999998,1.0,0.0,0.0,
2,2,0.2,P2 drop>= 0.9,0.13535799999999998,0.998,0.0,0.0,0.10795986622073572
2,2,0.2,P3 refuse,0.13535799999999998,1.0,0.0,0.0,
2,2,0.2,S-BCa (stratified),0.13535799999999998,0.0,0.478,0.478,0.15380000715740866
2,2,0.2,M1 pct stratified,0.13535799999999998,0.0,0.464,0.464,0.32591499999999995
2,2,0.2,M2a simult.,0.13535799999999998,0.0,1.0,1.0,0.6821349707563986
2,3,0.0,P0 as-is,0.048965999999999954,1.0,0.0,0.0,
2,3,0.0,P1 fallback pct,0.048965999999999954,0.0,0.0,0.0,0.4479299201861061
2,3,0.0,P2 drop>= 0.99,0.048965999999999954,1.0,0.0,0.0,
2,3,0.0,P2 drop>= 0.9,0.048965999999999954,0.0,0.0,0.0,0.4112194275887959
2,3,0.0,P3 refuse,0.048965999999999954,1.0,0.0,0.0,
2,3,0.0,S-BCa (stratified),0.048965999999999954,0.0,0.0,0.0,0.3085683087848542
2,3,0.0,M1 pct stratified,0.048965999999999954,0.0,0.0,0.0,0.3719676666666667
2,3,0.0,M2a simult.,0.048965999999999954,0.0,0.988,0.988,0.5626776788856789
2,3,0.2,P0 as-is,0.049556000000000044,1.0,0.0,0.0,
2,3,0.2,P1 fallback pct,0.049556000000000044,0.0,0.788,0.788,0.5745194602937252
2,3,0.2,P2 drop>= 0.99,0.049556000000000044,1.0,0.0,0.0,
2,3,0.2,P2 drop>= 0.9,0.049556000000000044,0.0,0.498,0.498,0.34462572130752883
2,3,0.2,P3 refuse,0.049556000000000044,1.0,0.0,0.0,
2,3,0.2,S-BCa (stratified),0.049556000000000044,0.0,0.698,0.698,0.39057446846440963
2,3,0.2,M1 pct stratified,0.049556000000000044,0.0,0.788,0.788,0.5671628333333333
2,3,0.2,M2a simult.,0.049556000000000044,0.0,0.994,0.994,0.6173233885151326
2,5,0.0,P0 as-is,0.006339999999999901,0.998,0.0,0.0,0.12486064307072824
2,5,0.0,P1 fallback pct,0.006339999999999901,0.0,0.0,0.0,0.5008474659547266
2,5,0.0,P2 drop>= 0.99,0.006339999999999901,0.06999999999999995,0.008,0.008602150537634409,0.3720045834195015
2,5,0.0,P2 drop>= 0.9,0.006339999999999901,0.0,0.008,0.008,0.37293939665848763
2,5,0.0,P3 refuse,0.006339999999999901,0.998,0.0,0.0,0.12486064307072824
2,5,0.0,S-BCa (stratified),0.006339999999999901,0.0,0.094,0.094,0.3234664319378976
2,5,0.0,M1 pct stratified,0.006339999999999901,0.0,0.0,0.0,0.4570235
2,5,0.0,M2a simult.,0.006339999999999901,0.0,0.932,0.932,0.47939505670130467
2,5,0.2,P0 as-is,0.006423999999999985,0.998,0.002,1.0,0.6744239036795904
2,5,0.2,P1 fallback pct,0.006423999999999985,0.0,0.926,0.926,0.5930206012864042
2,5,0.2,P2 drop>= 0.99,0.006423999999999985,0.06399999999999995,0.836,0.8931623931623932,0.47403128134483014
2,5,0.2,P2 drop>= 0.9,0.006423999999999985,0.0,0.89,0.89,0.4735217679366261
2,5,0.2,P3 refuse,0.006423999999999985,0.998,0.002,1.0,0.6744239036795904
2,5,0.2,S-BCa (stratified),0.006423999999999985,0.0,0.762,0.762,0.43153617400602456
2,5,0.2,M1 pct stratified,0.006423999999999985,0.0,0.926,0.926,0.5037926666666666
2,5,0.2,M2a simult.,0.006423999999999985,0.0,0.97,0.97,0.5433645612040239
2,10,0.0,P0 as-is,4.999999999999449e-05,0.050000000000000044,0.334,0.35157894736842105,0.3082068968872732
2,10,0.0,P1 fallback pct,4.999999999999449e-05,0.0,0.334,0.334,0.31435674691819376
2,10,0.0,P2 drop>= 0.99,4.999999999999449e-05,0.0,0.358,0.358,0.3067976154568811
2,10,0.0,P2 drop>= 0.9,4.999999999999449e-05,0.0,0.358,0.358,0.3067976154568811
2,10,0.0,P3 refuse,4.999999999999449e-05,0.050000000000000044,0.334,0.35157894736842105,0.3082068968872732
2,10,0.0,S-BCa (stratified),4.999999999999449e-05,0.0,0.512,0.512,0.2937601290894455
2,10,0.0,M1 pct stratified,4.999999999999449e-05,0.0,0.0,0.0,0.40437466666666666
2,10,0.0,M2a simult.,4.999999999999449e-05,0.0,0.938,0.938,0.38389160219956026
2,10,0.2,P0 as-is,4.6000000000101515e-05,0.04400000000000004,0.796,0.8326359832635983,0.4284698626306471
2,10,0.2,P1 fallback pct,4.6000000000101515e-05,0.0,0.838,0.838,0.43208504435715517
2,10,0.2,P2 drop>= 0.99,4.6000000000101515e-05,0.0,0.838,0.838,0.4312160253477347
2,10,0.2,P2 drop>= 0.9,4.6000000000101515e-05,0.0,0.838,0.838,0.4312160253477347
2,10,0.2,P3 refuse,4.6000000000101515e-05,0.04400000000000004,0.796,0.8326359832635983,0.4284698626306471
2,10,0.2,S-BCa (stratified),4.6000000000101515e-05,0.0,0.838,0.838,0.4131606044306903
2,10,0.2,M1 pct stratified,4.6000000000101515e-05,0.0,0.964,0.964,0.46999816666666666
2,10,0.2,M2a simult.,4.6000000000101515e-05,0.0,0.968,0.968,0.4572630036554652
3,1,0.0,P0 as-is,0.36817200000000005,1.0,0.0,0.0,
3,1,0.0,P1 fallback pct,0.36817200000000005,0.0,0.0,0.0,0.0991504895811608
3,1,0.0,P2 drop>= 0.99,0.36817200000000005,1.0,0.0,0.0,
3,1,0.0,P2 drop>= 0.9,0.36817200000000005,1.0,0.0,0.0,
3,1,0.0,P3 refuse,0.36817200000000005,1.0,0.0,0.0,
3,1,0.0,S-BCa (stratified),0.36817200000000005,1.0,0.0,0.0,
3,1,0.0,M1 pct stratified,0.36817200000000005,0.0,0.0,0.0,0.09937599999999999
3,1,0.0,M2a simult.,0.36817200000000005,0.0,0.978,0.978,0.83794573979065
3,1,0.2,P0 as-is,0.367714,1.0,0.0,0.0,
3,1,0.2,P1 fallback pct,0.367714,0.0,0.0,0.0,0.10748684987481719
3,1,0.2,P2 drop>= 0.99,0.367714,1.0,0.0,0.0,
3,1,0.2,P2 drop>= 0.9,0.367714,1.0,0.0,0.0,
3,1,0.2,P3 refuse,0.367714,1.0,0.0,0.0,
3,1,0.2,S-BCa (stratified),0.367714,1.0,0.0,0.0,
3,1,0.2,M1 pct stratified,0.367714,0.0,0.0,0.0,0.10755049999999997
3,1,0.2,M2a simult.,0.367714,0.0,0.996,0.996,0.8084465987265749
3,2,0.0,P0 as-is,0.13368000000000002,1.0,0.0,0.0,
3,2,0.0,P1 fallback pct,0.13368000000000002,0.0,0.0,0.0,0.3491493974850119
3,2,0.0,P2 drop>= 0.99,0.13368000000000002,1.0,0.0,0.0,
3,2,0.0,P2 drop>= 0.9,0.13368000000000002,1.0,0.0,0.0,
3,2,0.0,P3 refuse,0.13368000000000002,1.0,0.0,0.0,
3,2,0.0,S-BCa (stratified),0.13368000000000002,0.0,0.082,0.082,0.15742843773326157
3,2,0.0,M1 pct stratified,0.13368000000000002,0.0,0.0,0.0,0.3542536666666667
3,2,0.0,M2a simult.,0.13368000000000002,0.0,0.982,0.982,0.704953486950793
3,2,0.2,P0 as-is,0.13525399999999999,1.0,0.0,0.0,
3,2,0.2,P1 fallback pct,0.13525399999999999,0.0,0.458,0.458,0.3505286488904871
3,2,0.2,P2 drop>= 0.99,0.13525399999999999,1.0,0.0,0.0,
3,2,0.2,P2 drop>= 0.9,0.13525399999999999,1.0,0.0,0.0,
3,2,0.2,P3 refuse,0.13525399999999999,1.0,0.0,0.0,
3,2,0.2,S-BCa (stratified),0.13525399999999999,0.0,0.518,0.518,0.2373056761182932
3,2,0.2,M1 pct stratified,0.13525399999999999,0.0,0.456,0.456,0.349595
3,2,0.2,M2a simult.,0.13525399999999999,0.0,0.998,0.998,0.7246922786108121
3,3,0.0,P0 as-is,0.04898200000000008,1.0,0.0,0.0,
3,3,0.0,P1 fallback pct,0.04898200000000008,0.0,0.0,0.0,0.42844107917029295
3,3,0.0,P2 drop>= 0.99,0.04898200000000008,1.0,0.0,0.0,
3,3,0.0,P2 drop>= 0.9,0.04898200000000008,0.0,0.0,0.0,0.4080624861732662
3,3,0.0,P3 refuse,0.04898200000000008,1.0,0.0,0.0,
3,3,0.0,S-BCa (stratified),0.04898200000000008,0.0,0.0,0.0,0.23442087644355059
3,3,0.0,M1 pct stratified,0.04898200000000008,0.0,0.0,0.0,0.34280700000000003
3,3,0.0,M2a simult.,0.04898200000000008,0.0,0.988,0.988,0.6735748351868174
3,3,0.2,P0 as-is,0.050234,1.0,0.0,0.0,
3,3,0.2,P1 fallback pct,0.050234,0.0,0.668,0.668,0.4490910201523708
3,3,0.2,P2 drop>= 0.99,0.050234,1.0,0.0,0.0,
3,3,0.2,P2 drop>= 0.9,0.050234,0.0,0.684,0.684,0.3099666578023517
3,3,0.2,P3 refuse,0.050234,1.0,0.0,0.0,
3,3,0.2,S-BCa (stratified),0.050234,0.0,0.734,0.734,0.34603952114538555
3,3,0.2,M1 pct stratified,0.050234,0.0,0.686,0.686,0.4434993333333333
3,3,0.2,M2a simult.,0.050234,0.0,0.982,0.982,0.6555468374926197
3,5,0.0,P0 as-is,0.006435999999999997,1.0,0.0,0.0,
3,5,0.0,P1 fallback pct,0.006435999999999997,0.0,0.0,0.0,0.5012732542634276
3,5,0.0,P2 drop>= 0.99,0.006435999999999997,0.05800000000000005,0.0,0.0,0.37558452406837023
3,5,0.0,P2 drop>= 0.9,0.006435999999999997,0.0,0.0,0.0,0.37652016181762304
3,5,0.0,P3 refuse,0.006435999999999997,1.0,0.0,0.0,
3,5,0.0,S-BCa (stratified),0.006435999999999997,0.0,0.0,0.0,0.2927121121970182
3,5,0.0,M1 pct stratified,0.006435999999999997,0.0,0.0,0.0,0.44785566666666665
3,5,0.0,M2a simult.,0.006435999999999997,0.0,0.928,0.928,0.5796350549738892
3,5,0.2,P0 as-is,0.00649999999999995,1.0,0.0,0.0,
3,5,0.2,P1 fallback pct,0.00649999999999995,0.0,0.822,0.822,0.5001361972179375
3,5,0.2,P2 drop>= 0.99,0.00649999999999995,0.04800000000000004,0.864,0.907563025210084,0.40229332447676974
3,5,0.2,P2 drop>= 0.9,0.00649999999999995,0.0,0.91,0.91,0.40296329973435296
3,5,0.2,P3 refuse,0.00649999999999995,1.0,0.0,0.0,
3,5,0.2,S-BCa (stratified),0.00649999999999995,0.0,0.92,0.92,0.38718686864999985
3,5,0.2,M1 pct stratified,0.00649999999999995,0.0,0.808,0.808,0.45503083333333333
3,5,0.2,M2a simult.,0.00649999999999995,0.0,0.97,0.97,0.5793125185403426
3,10,0.0,P0 as-is,3.199999999992098e-05,0.03200000000000003,0.004,0.004132231404958678,0.29128280862125283
3,10,0.0,P1 fallback pct,3.199999999992098e-05,0.0,0.004,0.004,0.2958361484049882
3,10,0.0,P2 drop>= 0.99,3.199999999992098e-05,0.0,0.004,0.004,0.2905912234258657
3,10,0.0,P2 drop>= 0.9,3.199999999992098e-05,0.0,0.004,0.004,0.2905912234258657
3,10,0.0,P3 refuse,3.199999999992098e-05,0.03200000000000003,0.004,0.004132231404958678,0.29128280862125283
3,10,0.0,S-BCa (stratified),3.199999999992098e-05,0.0,0.022,0.022,0.2781584166395741
3,10,0.0,M1 pct stratified,3.199999999992098e-05,0.0,0.0,0.0,0.4055855
3,10,0.0,M2a simult.,3.199999999992098e-05,0.0,0.956,0.956,0.4592189462256448
3,10,0.2,P0 as-is,3.799999999998249e-05,0.038000000000000034,0.898,0.9334719334719335,0.3009619366444719
3,10,0.2,P1 fallback pct,3.799999999998249e-05,0.0,0.922,0.922,0.3041818921887468
3,10,0.2,P2 drop>= 0.99,3.799999999998249e-05,0.0,0.934,0.934,0.30064273021977933
3,10,0.2,P2 drop>= 0.9,3.799999999998249e-05,0.0,0.934,0.934,0.30064273021977933
3,10,0.2,P3 refuse,3.799999999998249e-05,0.038000000000000034,0.898,0.9334719334719335,0.3009619366444719
3,10,0.2,S-BCa (stratified),3.799999999998249e-05,0.0,0.932,0.932,0.2916421245452511
3,10,0.2,M1 pct stratified,3.799999999998249e-05,0.0,0.858,0.858,0.37155949999999993
3,10,0.2,M2a simult.,3.799999999998249e-05,0.0,0.974,0.974,0.4518786064824407
