K,n,true_gap,method,P(declare gap<0.10),mcse
2,100,0.0,M0 pct upper,0.0,0.0
2,100,0.0,M2a upper,0.0,0.0
2,100,0.0,M2b upper,0.0,0.0
2,100,0.05,M0 pct upper,0.0,0.0
2,100,0.05,M2a upper,0.0,0.0
2,100,0.05,M2b upper,0.0,0.0
2,100,0.08,M0 pct upper,0.0,0.0
2,100,0.08,M2a upper,0.0,0.0
2,100,0.08,M2b upper,0.0,0.0
2,100,0.1,M0 pct upper,0.0,0.0
2,100,0.1,M2a upper,0.0,0.0
2,100,0.1,M2b upper,0.0,0.0
2,100,0.12,M0 pct upper,0.0,0.0
2,100,0.12,M2a upper,0.0,0.0
2,100,0.12,M2b upper,0.0,0.0
2,1000,0.0,M0 pct upper,0.984,0.00561141693336006
2,1000,0.0,M2a upper,0.984,0.00561141693336006
2,1000,0.0,M2b upper,0.986,0.0052543315464481325
2,1000,0.05,M0 pct upper,0.616,0.02175058619899703
2,1000,0.05,M2a upper,0.598,0.021926969694875762
2,1000,0.05,M2b upper,0.6,0.021908902300206645
2,1000,0.08,M0 pct upper,0.172,0.0168769665520792
2,1000,0.08,M2a upper,0.166,0.016639951923007473
2,1000,0.08,M2b upper,0.17,0.016798809481626965
2,1000,0.1,M0 pct upper,0.02,0.006260990336999411
2,1000,0.1,M2a upper,0.016,0.005611416933360059
2,1000,0.1,M2b upper,0.016,0.005611416933360059
2,1000,0.12,M0 pct upper,0.0,0.0
2,1000,0.12,M2a upper,0.0,0.0
2,1000,0.12,M2b upper,0.0,0.0
3,100,0.0,M0 pct upper,0.0,0.0
3,100,0.0,M2a upper,0.0,0.0
3,100,0.0,M2b upper,0.0,0.0
3,100,0.05,M0 pct upper,0.0,0.0
3,100,0.05,M2a upper,0.0,0.0
3,100,0.05,M2b upper,0.0,0.0
3,100,0.08,M0 pct upper,0.0,0.0
3,100,0.08,M2a upper,0.0,0.0
3,100,0.08,M2b upper,0.0,0.0
3,100,0.1,M0 pct upper,0.0,0.0
3,100,0.1,M2a upper,0.0,0.0
3,100,0.1,M2b upper,0.0,0.0
3,100,0.12,M0 pct upper,0.0,0.0
3,100,0.12,M2a upper,0.0,0.0
3,100,0.12,M2b upper,0.0,0.0
3,1000,0.0,M0 pct upper,0.97,0.007628892449104264
3,1000,0.0,M2a upper,0.928,0.0115599307956406
3,1000,0.0,M2b upper,0.934,0.01110351295761841
3,1000,0.05,M0 pct upper,0.422,0.022086919205719934
3,1000,0.05,M2a upper,0.276,0.01999119806314769
3,1000,0.05,M2b upper,0.296,0.02041489652190282
3,1000,0.08,M0 pct upper,0.044,0.009172131704244111
3,1000,0.08,M2a upper,0.016,0.005611416933360059
3,1000,0.08,M2b upper,0.02,0.006260990336999411
3,1000,0.1,M0 pct upper,0.0,0.0
3,1000,0.1,M2a upper,0.0,0.0
3,1000,0.1,M2b upper,0.0,0.0
3,1000,0.12,M0 pct upper,0.0,0.0
3,1000,0.12,M2a upper,0.0,0.0
3,1000,0.12,M2b upper,0.0,0.0
3,unequal,0.0,M0 pct upper,0.0,0.0
3,unequal,0.0,M2a upper,0.0,0.0
3,unequal,0.0,M2b upper,0.0,0.0
3,unequal,0.05,M0 pct upper,0.0,0.0
3,unequal,0.05,M2a upper,0.0,0.0
3,unequal,0.05,M2b upper,0.0,0.0
3,unequal,0.08,M0 pct upper,0.0,0.0
3,unequal,0.08,M2a upper,0.0,0.0
3,unequal,0.08,M2b upper,0.0,0.0
3,unequal,0.1,M0 pct upper,0.0,0.0
3,unequal,0.1,M2a upper,0.0,0.0
3,unequal,0.1,M2b upper,0.0,0.0
3,unequal,0.12,M0 pct upper,0.0,0.0
3,unequal,0.12,M2a upper,0.0,0.0
3,unequal,0.12,M2b upper,0.0,0.0
5,1000,0.0,M0 pct upper,0.888,0.014103616557464968
5,1000,0.0,M2a upper,0.586,0.0220274374360705
5,1000,0.0,M2b upper,0.62,0.021707141681944216
5,1000,0.05,M0 pct upper,0.232,0.018877287940803362
5,1000,0.05,M2a upper,0.052,0.00992935043192655
5,1000,0.05,M2b upper,0.07,0.011410521460476731
5,1000,0.08,M0 pct upper,0.006,0.0034536936748935914
5,1000,0.08,M2a upper,0.0,0.0
5,1000,0.08,M2b upper,0.0,0.0
5,1000,0.1,M0 pct upper,0.0,0.0
5,1000,0.1,M2a upper,0.0,0.0
5,1000,0.1,M2b upper,0.0,0.0
5,1000,0.12,M0 pct upper,0.0,0.0
5,1000,0.12,M2a upper,0.0,0.0
5,1000,0.12,M2b upper,0.0,0.0
