T,D,rho,delta,metric,method,coverage,coverage_mcse,width,excl_point,excl0,ms_per_dataset
3,1,0.0,0.0,divergence,C0 current,0.828,0.0168769665520792,0.03484611529905442,0.0,1.0,0.18805249999422813
3,1,0.0,0.0,contrast,C0 current,0.824,0.017030795636141023,0.04964238965139009,0.0,0.176,0.18805249999422813
3,1,0.0,0.0,divergence,C1 cluster pct,0.746,0.019467100451787882,0.03696444568783045,0.0,1.0,0.15117758399719605
3,1,0.0,0.0,contrast,C1 cluster pct,0.734,0.019760769215797242,0.0502708503164351,0.0,0.266,0.15117758399719605
3,1,0.0,0.0,divergence,C2a simult. cluster max-|t|,0.714,0.020209106858047932,0.032192025294634025,0.0,1.0,0.15744283199455822
3,1,0.0,0.0,contrast,C2a simult. cluster max-|t|,0.688,0.020719845559269985,0.04308615769563416,0.0,0.312,0.15744283199455822
3,1,0.0,0.0,divergence,C2b simult. Bonferroni-t,0.954,0.009368457717255283,0.09657638291148894,0.0,1.0,0.0011442500035627745
3,1,0.0,0.0,contrast,C2b simult. Bonferroni-t,0.946,0.010107818755794947,0.13193655423511533,0.0,0.054,0.0011442500035627745
3,1,0.0,0.0,divergence,C2c m-out-of-n cluster,0.704,0.020414896521902825,0.030488312759280864,0.0,1.0,0.13867708400357515
3,1,0.0,0.0,contrast,C2c m-out-of-n cluster,0.666,0.02109236828807993,0.04141734391502999,0.0,0.334,0.13867708400357515
3,1,0.0,0.03,divergence,C0 current,0.804,0.01775297158224504,0.033617823000165005,0.0,1.0,0.1763726659992244
3,1,0.0,0.03,contrast,C0 current,0.838,0.016477621187537962,0.049087196046427334,0.0,0.568,0.1763726659992244
3,1,0.0,0.03,divergence,C1 cluster pct,0.752,0.019313000802568203,0.03554120682179928,0.0,1.0,0.1474702499981504
3,1,0.0,0.03,contrast,C1 cluster pct,0.782,0.018464885594013304,0.051392066412419085,0.0,0.57,0.1474702499981504
3,1,0.0,0.03,divergence,C2a simult. cluster max-|t|,0.69,0.02068332661831747,0.029906190472287868,0.0,1.0,0.154776250004943
3,1,0.0,0.03,contrast,C2a simult. cluster max-|t|,0.728,0.019900552756142227,0.043738050718941004,0.0,0.63,0.154776250004943
3,1,0.0,0.03,divergence,C2b simult. Bonferroni-t,0.962,0.008550555537507495,0.09394439265586266,0.0,1.0,0.0003319999959785491
3,1,0.0,0.03,contrast,C2b simult. Bonferroni-t,0.956,0.009172131704244116,0.13492335617890916,0.0,0.134,0.0003319999959785491
3,1,0.0,0.03,divergence,C2c m-out-of-n cluster,0.688,0.020719845559269985,0.0292895993977906,0.0,1.0,0.13831608199689072
3,1,0.0,0.03,contrast,C2c m-out-of-n cluster,0.72,0.020079840636817812,0.0422694020729137,0.0,0.652,0.13831608199689072
3,1,0.3,0.0,divergence,C0 current,0.704,0.020414896521902825,0.03198235545004401,0.0,1.0,0.17856408200168516
3,1,0.3,0.0,contrast,C0 current,0.852,0.015880554146502572,0.04700638139564309,0.0,0.148,0.17856408200168516
3,1,0.3,0.0,divergence,C1 cluster pct,0.732,0.0198078772209442,0.03910322245880961,0.0,1.0,0.14644441600103164
3,1,0.3,0.0,contrast,C1 cluster pct,0.748,0.019416281827373642,0.04086142349243164,0.0,0.252,0.14644441600103164
3,1,0.3,0.0,divergence,C2a simult. cluster max-|t|,0.688,0.020719845559269985,0.03341159420270473,0.0,1.0,0.15013683399592992
3,1,0.3,0.0,contrast,C2a simult. cluster max-|t|,0.692,0.020646355610615643,0.0349987780079823,0.0,0.308,0.15013683399592992
3,1,0.3,0.0,divergence,C2b simult. Bonferroni-t,0.944,0.010282412168358165,0.10316481258348811,0.0,1.0,0.00032649999775458127
3,1,0.3,0.0,contrast,C2b simult. Bonferroni-t,0.958,0.00897061870775924,0.10714826728558294,0.0,0.042,0.00032649999775458127
3,1,0.3,0.0,divergence,C2c m-out-of-n cluster,0.664,0.02112363605064242,0.032262974636972,0.0,1.0,0.13886041800287785
3,1,0.3,0.0,contrast,C2c m-out-of-n cluster,0.702,0.020454632727086548,0.03360866700059955,0.0,0.298,0.13886041800287785
3,1,0.3,0.03,divergence,C0 current,0.75,0.019364916731037084,0.03281274511927559,0.0,1.0,0.18082041799789295
3,1,0.3,0.03,contrast,C0 current,0.89,0.013992855319769442,0.04749020820321089,0.0,0.692,0.18082041799789295
3,1,0.3,0.03,divergence,C1 cluster pct,0.782,0.018464885594013304,0.04059945478141307,0.0,1.0,0.1462572500022361
3,1,0.3,0.03,contrast,C1 cluster pct,0.772,0.018762515822778138,0.04196813790127635,0.0,0.698,0.1462572500022361
3,1,0.3,0.03,divergence,C2a simult. cluster max-|t|,0.738,0.01966499427917537,0.035117069070498885,0.0,1.0,0.15132783399894834
3,1,0.3,0.03,contrast,C2a simult. cluster max-|t|,0.734,0.019760769215797242,0.036183427688029915,0.0,0.776,0.15132783399894834
3,1,0.3,0.03,divergence,C2b simult. Bonferroni-t,0.962,0.008550555537507495,0.10617045192202934,0.0,1.0,0.00033258200710406527
3,1,0.3,0.03,contrast,C2b simult. Bonferroni-t,0.964,0.008331146379700699,0.10975664446871623,0.0,0.226,0.00033258200710406527
3,1,0.3,0.03,divergence,C2c m-out-of-n cluster,0.716,0.020166506886419373,0.03343206947599452,0.0,1.0,0.13827933400170878
3,1,0.3,0.03,contrast,C2c m-out-of-n cluster,0.73,0.019854470529329156,0.03455762569544849,0.0,0.802,0.13827933400170878
3,1,0.7,0.0,divergence,C0 current,0.654,0.021273645667821018,0.03108460427046522,0.0,1.0,0.17560091599443695
3,1,0.7,0.0,contrast,C0 current,0.964,0.008331146379700699,0.04402105726610425,0.0,0.036,0.17560091599443695
3,1,0.7,0.0,divergence,C1 cluster pct,0.754,0.019260529587734602,0.047160485542565585,0.0,1.0,0.1462548319977941
3,1,0.7,0.0,contrast,C1 cluster pct,0.764,0.018989681408596616,0.028117117971181868,0.0,0.236,0.1462548319977941
3,1,0.7,0.0,divergence,C2a simult. cluster max-|t|,0.712,0.020251222185339826,0.04009677968430542,0.0,1.0,0.15215725000598468
3,1,0.7,0.0,contrast,C2a simult. cluster max-|t|,0.736,0.019713142824014644,0.024000956448739025,0.0,0.264,0.15215725000598468
3,1,0.7,0.0,divergence,C2b simult. Bonferroni-t,0.954,0.009368457717255283,0.12368889502069011,0.0,1.0,0.00032175000524148345
3,1,0.7,0.0,contrast,C2b simult. Bonferroni-t,0.96,0.008763560920082661,0.07352519058983983,0.0,0.04,0.00032175000524148345
3,1,0.7,0.0,divergence,C2c m-out-of-n cluster,0.692,0.020646355610615643,0.038754152619147,0.0,1.0,0.13786441599950194
3,1,0.7,0.0,contrast,C2c m-out-of-n cluster,0.708,0.0203340109176719,0.023089673012150196,0.0,0.292,0.13786441599950194
3,1,0.7,0.03,divergence,C0 current,0.618,0.02172905888436036,0.030821832639629745,0.0,1.0,0.17597174999536946
3,1,0.7,0.03,contrast,C0 current,0.944,0.010282412168358165,0.04424700042551748,0.0,0.724,0.17597174999536946
3,1,0.7,0.03,divergence,C1 cluster pct,0.72,0.020079840636817812,0.04665932917520404,0.0,1.0,0.15979074999631848
3,1,0.7,0.03,contrast,C1 cluster pct,0.742,0.019567115270269147,0.027882100939750673,0.0,0.876,0.15979074999631848
3,1,0.7,0.03,divergence,C2a simult. cluster max-|t|,0.684,0.020791536739741004,0.03948085689668804,0.0,1.0,0.17108183199889027
3,1,0.7,0.03,contrast,C2a simult. cluster max-|t|,0.698,0.02053270561811083,0.023888166214874364,0.0,0.93,0.17108183199889027
3,1,0.7,0.03,divergence,C2b simult. Bonferroni-t,0.948,0.009929350431926557,0.12245411629230997,0.0,1.0,0.0003780839979299344
3,1,0.7,0.03,contrast,C2b simult. Bonferroni-t,0.948,0.009929350431926557,0.07311368504818327,0.0,0.388,0.0003780839979299344
3,1,0.7,0.03,divergence,C2c m-out-of-n cluster,0.682,0.020826713614970557,0.03831308278835631,0.0,1.0,0.15944891599792754
3,1,0.7,0.03,contrast,C2c m-out-of-n cluster,0.678,0.020895741192884256,0.022935284923324823,0.0,0.938,0.15944891599792754
3,2,0.0,0.0,divergence,C0 current,0.88,0.014532721699667961,0.026116453200711633,0.136,1.0,0.25394124999729684
3,2,0.0,0.0,contrast,C0 current,0.844,0.01622738426241272,0.04371112656924405,0.016,0.156,0.25394124999729684
3,2,0.0,0.0,divergence,C1 cluster pct,0.646,0.021386163751360363,0.031284858610481026,0.004,1.0,0.16617575000418583
3,2,0.0,0.0,contrast,C1 cluster pct,0.68,0.020861447696648473,0.04724103981927037,0.006,0.32,0.16617575000418583
3,2,0.0,0.0,divergence,C2a simult. cluster max-|t|,0.77,0.018820201911775546,0.03776501228032577,0.0,1.0,0.2525503320066491
3,2,0.0,0.0,contrast,C2a simult. cluster max-|t|,0.768,0.018877287940803362,0.05251617158242532,0.0,0.232,0.2525503320066491
3,2,0.0,0.0,divergence,C2b simult. Bonferroni-t,0.972,0.0073778045514909145,0.1343970063579041,0.0,1.0,0.0006364159999066032
3,2,0.0,0.0,contrast,C2b simult. Bonferroni-t,0.982,0.005945754788082,0.1901290617110036,0.0,0.018,0.0006364159999066032
3,2,0.0,0.0,divergence,C2c m-out-of-n cluster,0.648,0.02135865164283551,0.025387835272191503,0.038,1.0,0.15278983199823415
3,2,0.0,0.0,contrast,C2c m-out-of-n cluster,0.69,0.02068332661831747,0.038765946297345255,0.018,0.31,0.15278983199823415
3,2,0.0,0.03,divergence,C0 current,0.482,0.022346185356789647,0.029366273266474306,0.546,1.0,0.25312308400316397
3,2,0.0,0.03,contrast,C0 current,0.68,0.020861447696648473,0.04593856165625426,0.154,0.338,0.25312308400316397
3,2,0.0,0.03,divergence,C1 cluster pct,0.782,0.018464885594013304,0.03370112964808941,0.0,1.0,0.16030216599756386
3,2,0.0,0.03,contrast,C1 cluster pct,0.746,0.019467100451787882,0.04829561059549451,0.002,0.652,0.16030216599756386
3,2,0.0,0.03,divergence,C2a simult. cluster max-|t|,0.832,0.01671980861134481,0.03920853381240575,0.0,1.0,0.24118958200415364
3,2,0.0,0.03,contrast,C2a simult. cluster max-|t|,0.796,0.018021320706318945,0.05313965639037012,0.0,0.592,0.24118958200415364
3,2,0.0,0.03,divergence,C2b simult. Bonferroni-t,0.992,0.003983967871356396,0.13713738334927816,0.0,1.0,0.0006357500024023466
3,2,0.0,0.03,contrast,C2b simult. Bonferroni-t,0.988,0.004869496893930627,0.1908826433937877,0.0,0.104,0.0006357500024023466
3,2,0.0,0.03,divergence,C2c m-out-of-n cluster,0.648,0.02135865164283551,0.027371966353979576,0.004,1.0,0.1518869999999879
3,2,0.0,0.03,contrast,C2c m-out-of-n cluster,0.676,0.020929596269398033,0.03949528027723776,0.002,0.694,0.1518869999999879
3,2,0.3,0.0,divergence,C0 current,0.704,0.020414896521902825,0.02481781569873094,0.114,1.0,0.25267408399668057
3,2,0.3,0.0,contrast,C0 current,0.86,0.01551773179301666,0.0413353887311729,0.01,0.14,0.25267408399668057
3,2,0.3,0.0,divergence,C1 cluster pct,0.702,0.020454632727086548,0.038974366095662114,0.002,1.0,0.16061400000035064
3,2,0.3,0.0,contrast,C1 cluster pct,0.698,0.02053270561811083,0.0398970917545259,0.002,0.302,0.16061400000035064
3,2,0.3,0.0,divergence,C2a simult. cluster max-|t|,0.768,0.018877287940803362,0.04347574419900262,0.0,1.0,0.2478893320003408
3,2,0.3,0.0,contrast,C2a simult. cluster max-|t|,0.778,0.018585801031970613,0.04323128264701863,0.0,0.222,0.2478893320003408
3,2,0.3,0.0,divergence,C2b simult. Bonferroni-t,0.972,0.0073778045514909145,0.15511216264824101,0.0,1.0,0.0006476679991465062
3,2,0.3,0.0,contrast,C2b simult. Bonferroni-t,0.968,0.007870959280799264,0.15702828728927762,0.0,0.032,0.0006476679991465062
3,2,0.3,0.0,divergence,C2c m-out-of-n cluster,0.654,0.021273645667821018,0.03181836520742861,0.012,1.0,0.15255166799761355
3,2,0.3,0.0,contrast,C2c m-out-of-n cluster,0.678,0.020895741192884256,0.03253488291835698,0.014,0.322,0.15255166799761355
3,2,0.3,0.03,divergence,C0 current,0.442,0.022209727598509622,0.02802070894119643,0.564,1.0,0.2571189160007634
3,2,0.3,0.03,contrast,C0 current,0.678,0.020895741192884256,0.04404393703493744,0.148,0.262,0.2571189160007634
3,2,0.3,0.03,divergence,C1 cluster pct,0.764,0.018989681408596616,0.040041148266196244,0.002,1.0,0.161035000004631
3,2,0.3,0.03,contrast,C1 cluster pct,0.774,0.01870422412183943,0.04203684664294123,0.0,0.706,0.161035000004631
3,2,0.3,0.03,divergence,C2a simult. cluster max-|t|,0.798,0.01795527777562909,0.043234917794685586,0.0,1.0,0.24841041599574964
3,2,0.3,0.03,contrast,C2a simult. cluster max-|t|,0.812,0.017473179447370188,0.04524928653569949,0.0,0.658,0.24841041599574964
3,2,0.3,0.03,divergence,C2b simult. Bonferroni-t,0.984,0.00561141693336006,0.15468619811290063,0.0,1.0,0.0006311659963103011
3,2,0.3,0.03,contrast,C2b simult. Bonferroni-t,0.982,0.005945754788082,0.16046177113790322,0.0,0.108,0.0006311659963103011
3,2,0.3,0.03,divergence,C2c m-out-of-n cluster,0.684,0.020791536739741004,0.032762737221096926,0.002,1.0,0.15306350000173552
3,2,0.3,0.03,contrast,C2c m-out-of-n cluster,0.714,0.020209106858047932,0.034310068173010994,0.002,0.748,0.15306350000173552
3,2,0.7,0.0,divergence,C0 current,0.538,0.022296008611408454,0.02262448665230675,0.022,1.0,0.26042200000665616
3,2,0.7,0.0,contrast,C0 current,0.948,0.009929350431926557,0.03834264582368408,0.004,0.052,0.26042200000665616
3,2,0.7,0.0,divergence,C1 cluster pct,0.72,0.020079840636817812,0.045976444674283266,0.002,1.0,0.15934150000248337
3,2,0.7,0.0,contrast,C1 cluster pct,0.672,0.02099599961897504,0.026332637738436457,0.0,0.328,0.15934150000248337
3,2,0.7,0.0,divergence,C2a simult. cluster max-|t|,0.77,0.018820201911775546,0.04642165735722004,0.0,1.0,0.24707874999876367
3,2,0.7,0.0,contrast,C2a simult. cluster max-|t|,0.74,0.019616319736382767,0.029456912935287315,0.0,0.26,0.24707874999876367
3,2,0.7,0.0,divergence,C2b simult. Bonferroni-t,0.98,0.006260990336999414,0.17847946748392235,0.0,0.982,0.0006277499996940605
3,2,0.7,0.0,contrast,C2b simult. Bonferroni-t,0.972,0.0073778045514909145,0.10655239559198505,0.0,0.028,0.0006277499996940605
3,2,0.7,0.0,divergence,C2c m-out-of-n cluster,0.672,0.02099599961897504,0.037813369990560786,0.01,1.0,0.15401199999905657
3,2,0.7,0.0,contrast,C2c m-out-of-n cluster,0.654,0.021273645667821018,0.021703146453514288,0.01,0.346,0.15401199999905657
3,2,0.7,0.03,divergence,C0 current,0.41,0.02199545407578575,0.026170482029658212,0.67,1.0,0.2919776660055504
3,2,0.7,0.03,contrast,C0 current,0.684,0.020791536739741004,0.04060746677308769,0.256,0.302,0.2919776660055504
3,2,0.7,0.03,divergence,C1 cluster pct,0.76,0.019099738218101316,0.04459642061665654,0.0,1.0,0.173126333997061
3,2,0.7,0.03,contrast,C1 cluster pct,0.746,0.019467100451787882,0.027416134252399207,0.0,0.904,0.173126333997061
3,2,0.7,0.03,divergence,C2a simult. cluster max-|t|,0.772,0.018762515822778138,0.04401772868562427,0.0,1.0,0.26574125199840637
3,2,0.7,0.03,contrast,C2a simult. cluster max-|t|,0.786,0.01834142851579451,0.029039825400243115,0.0,0.89,0.26574125199840637
3,2,0.7,0.03,divergence,C2b simult. Bonferroni-t,0.984,0.00561141693336006,0.17037870047548262,0.0,0.996,0.000720334006473422
3,2,0.7,0.03,contrast,C2b simult. Bonferroni-t,0.984,0.00561141693336006,0.1044041438717245,0.0,0.254,0.000720334006473422
3,2,0.7,0.03,divergence,C2c m-out-of-n cluster,0.674,0.020963015050321363,0.036627038484327065,0.0,1.0,0.1604730000035488
3,2,0.7,0.03,contrast,C2c m-out-of-n cluster,0.684,0.020791536739741004,0.022595638070254928,0.0,0.946,0.1604730000035488
3,3,0.0,0.0,divergence,C0 current,0.872,0.014940950438308804,0.02166709025657919,0.47,1.0,0.3603021659946535
3,3,0.0,0.0,contrast,C0 current,0.856,0.015701210144444283,0.041358561274545395,0.096,0.144,0.3603021659946535
3,3,0.0,0.0,divergence,C1 cluster pct,0.438,0.02218810492133116,0.03001165107265115,0.024,1.0,0.1667212499960442
3,3,0.0,0.0,contrast,C1 cluster pct,0.61,0.02181284025522582,0.048464273048937315,0.008,0.39,0.1667212499960442
3,3,0.0,0.0,divergence,C2a simult. cluster max-|t|,0.742,0.019567115270269147,0.04156186783864758,0.0,1.0,0.30312216399033787
3,3,0.0,0.0,contrast,C2a simult. cluster max-|t|,0.76,0.019099738218101316,0.05755905506262793,0.0,0.24,0.30312216399033787
3,3,0.0,0.0,divergence,C2b simult. Bonferroni-t,0.97,0.007628892449104264,0.17003205947269437,0.0,1.0,0.0013264999943203293
3,3,0.0,0.0,contrast,C2b simult. Bonferroni-t,0.976,0.006844559883586383,0.2445414616459004,0.0,0.024,0.0013264999943203293
3,3,0.0,0.0,divergence,C2c m-out-of-n cluster,0.652,0.02130239423163509,0.024184283049352107,0.078,1.0,0.15941400000156136
3,3,0.0,0.0,contrast,C2c m-out-of-n cluster,0.696,0.020571047615520217,0.039450739713873285,0.028,0.304,0.15941400000156136
3,3,0.0,0.03,divergence,C0 current,0.148,0.015880554146502572,0.02388493113895943,0.798,1.0,0.3898525820040959
3,3,0.0,0.03,contrast,C0 current,0.534,0.022308921982023246,0.04188971083809919,0.454,0.258,0.3898525820040959
3,3,0.0,0.03,divergence,C1 cluster pct,0.792,0.018151363585141474,0.031975675649940964,0.004,1.0,0.17379516599612543
3,3,0.0,0.03,contrast,C1 cluster pct,0.736,0.019713142824014644,0.046052934383600946,0.002,0.688,0.17379516599612543
3,3,0.0,0.03,divergence,C2a simult. cluster max-|t|,0.856,0.015701210144444283,0.040730625875940285,0.0,1.0,0.3398839159999625
3,3,0.0,0.03,contrast,C2a simult. cluster max-|t|,0.808,0.017614539448989292,0.05449182308540391,0.0,0.574,0.3398839159999625
3,3,0.0,0.03,divergence,C2b simult. Bonferroni-t,0.994,0.0034536936748935927,0.16900996538186977,0.0,1.0,0.0016245840015471913
3,3,0.0,0.03,contrast,C2b simult. Bonferroni-t,0.992,0.003983967871356396,0.23220067598401908,0.0,0.074,0.0016245840015471913
3,3,0.0,0.03,divergence,C2c m-out-of-n cluster,0.61,0.02181284025522582,0.02586490345399471,0.03,1.0,0.16184216600231593
3,3,0.0,0.03,contrast,C2c m-out-of-n cluster,0.606,0.021852414054287,0.03771388686684149,0.01,0.648,0.16184216600231593
3,3,0.3,0.0,divergence,C0 current,0.616,0.02175058619899703,0.020570490387726112,0.342,1.0,0.5164722500048811
3,3,0.3,0.0,contrast,C0 current,0.872,0.014940950438308804,0.039457679586051994,0.046,0.128,0.5164722500048811
3,3,0.3,0.0,divergence,C1 cluster pct,0.58,0.02207260745811423,0.037969374522566796,0.002,1.0,0.165212915999291
3,3,0.3,0.0,contrast,C1 cluster pct,0.598,0.021926969694875762,0.03889943098053336,0.006,0.402,0.165212915999291
3,3,0.3,0.0,divergence,C2a simult. cluster max-|t|,0.754,0.019260529587734602,0.04650145488999093,0.0,1.0,0.3028942500022822
3,3,0.3,0.0,contrast,C2a simult. cluster max-|t|,0.748,0.019416281827373642,0.04778478240269007,0.0,0.252,0.3028942500022822
3,3,0.3,0.0,divergence,C2b simult. Bonferroni-t,0.98,0.006260990336999414,0.19382322368852845,0.0,1.0,0.0007455000013578683
3,3,0.3,0.0,contrast,C2b simult. Bonferroni-t,0.978,0.006559878047646925,0.1987289912984865,0.0,0.022,0.0007455000013578683
3,3,0.3,0.0,divergence,C2c m-out-of-n cluster,0.648,0.02135865164283551,0.030784845539257838,0.038,1.0,0.15901141799986362
3,3,0.3,0.0,contrast,C2c m-out-of-n cluster,0.63,0.021591665058535898,0.031616539214735485,0.022,0.37,0.15901141799986362
3,3,0.3,0.03,divergence,C0 current,0.226,0.01870422412183943,0.0229590826809224,0.862,1.0,0.33975891600130126
3,3,0.3,0.03,contrast,C0 current,0.508,0.022357817424784557,0.04038306485487199,0.53,0.22,0.33975891600130126
3,3,0.3,0.03,divergence,C1 cluster pct,0.766,0.01893377933746984,0.03813947088047863,0.0,1.0,0.17599416600569384
3,3,0.3,0.03,contrast,C1 cluster pct,0.776,0.018645321128905233,0.03987907802835107,0.004,0.774,0.17599416600569384
3,3,0.3,0.03,divergence,C2a simult. cluster max-|t|,0.832,0.01671980861134481,0.044468919542958195,0.0,1.0,0.32776625000406057
3,3,0.3,0.03,contrast,C2a simult. cluster max-|t|,0.834,0.016639951923007473,0.045920516948416444,0.0,0.686,0.32776625000406057
3,3,0.3,0.03,divergence,C2b simult. Bonferroni-t,0.99,0.0044497190922574,0.18726014536912264,0.0,1.0,0.000708334002410993
3,3,0.3,0.03,contrast,C2b simult. Bonferroni-t,0.99,0.0044497190922574,0.19531016910367907,0.0,0.122,0.000708334002410993
3,3,0.3,0.03,divergence,C2c m-out-of-n cluster,0.636,0.02151762068631195,0.031022847018635474,0.006,1.0,0.1532809999989695
3,3,0.3,0.03,contrast,C2c m-out-of-n cluster,0.612,0.021792475765731623,0.03244099738650688,0.008,0.788,0.1532809999989695
3,3,0.7,0.0,divergence,C0 current,0.442,0.022209727598509622,0.01843280689048885,0.19,1.0,0.3283220839948626
3,3,0.7,0.0,contrast,C0 current,0.952,0.009559916317625384,0.03618983339707397,0.02,0.048,0.3283220839948626
3,3,0.7,0.0,divergence,C1 cluster pct,0.698,0.02053270561811083,0.044920128618180746,0.004,1.0,0.1617095000037807
3,3,0.7,0.0,contrast,C1 cluster pct,0.648,0.02135865164283551,0.026550549702346323,0.01,0.352,0.1617095000037807
3,3,0.7,0.0,divergence,C2a simult. cluster max-|t|,0.752,0.019313000802568203,0.048504707234252833,0.0,1.0,0.29786233200866263
3,3,0.7,0.0,contrast,C2a simult. cluster max-|t|,0.78,0.018525657883055057,0.0316683591424889,0.0,0.22,0.29786233200866263
3,3,0.7,0.0,divergence,C2b simult. Bonferroni-t,0.978,0.006559878047646925,0.21508500772614275,0.0,0.978,0.0007198339953902178
3,3,0.7,0.0,contrast,C2b simult. Bonferroni-t,0.984,0.00561141693336006,0.13176545573889667,0.0,0.016,0.0007198339953902178
3,3,0.7,0.0,divergence,C2c m-out-of-n cluster,0.66,0.021184900282984576,0.03677296569550529,0.016,1.0,0.1527915819970076
3,3,0.7,0.0,contrast,C2c m-out-of-n cluster,0.71,0.020292855885754475,0.021588887448031977,0.02,0.29,0.1527915819970076
3,3,0.7,0.03,divergence,C0 current,0.224,0.018645321128905237,0.021939579494525557,0.936,1.0,0.35569958200358087
3,3,0.7,0.03,contrast,C0 current,0.472,0.022325590697672478,0.03886635374153866,0.582,0.174,0.35569958200358087
3,3,0.7,0.03,divergence,C1 cluster pct,0.774,0.01870422412183943,0.04789383755549788,0.0,1.0,0.1720201680000173
3,3,0.7,0.03,contrast,C1 cluster pct,0.74,0.019616319736382767,0.02712280548065901,0.0,0.908,0.1720201680000173
3,3,0.7,0.03,divergence,C2a simult. cluster max-|t|,0.78,0.018525657883055057,0.049913298663378056,0.0,1.0,0.30785183400439564
3,3,0.7,0.03,contrast,C2a simult. cluster max-|t|,0.782,0.018464885594013304,0.030454955964395253,0.0,0.878,0.30785183400439564
3,3,0.7,0.03,divergence,C2b simult. Bonferroni-t,0.986,0.0052543315464481325,0.22299378178223359,0.0,0.984,0.0017731679981807247
3,3,0.7,0.03,contrast,C2b simult. Bonferroni-t,0.988,0.004869496893930627,0.1288023085054586,0.0,0.172,0.0017731679981807247
3,3,0.7,0.03,divergence,C2c m-out-of-n cluster,0.696,0.020571047615520217,0.03941819843456744,0.0,1.0,0.15989674999582348
3,3,0.7,0.03,contrast,C2c m-out-of-n cluster,0.652,0.02130239423163509,0.022266166523342176,0.0,0.938,0.15989674999582348
4,1,0.0,0.0,divergence,C0 current,0.828,0.0168769665520792,0.030336128223405253,0.0,1.0,0.2555452500018873
4,1,0.0,0.0,contrast,C0 current,0.83,0.016798809481626965,0.043763719937901895,0.0,0.17,0.2555452500018873
4,1,0.0,0.0,divergence,C1 cluster pct,0.764,0.018989681408596616,0.03192536530792713,0.0,1.0,0.21008141600032104
4,1,0.0,0.0,contrast,C1 cluster pct,0.812,0.017473179447370188,0.04634664945825934,0.0,0.188,0.21008141600032104
4,1,0.0,0.0,divergence,C2a simult. cluster max-|t|,0.778,0.018585801031970613,0.03153045339576487,0.0,1.0,0.21817174999887357
4,1,0.0,0.0,contrast,C2a simult. cluster max-|t|,0.824,0.017030795636141023,0.04600936100817853,0.0,0.176,0.21817174999887357
4,1,0.0,0.0,divergence,C2b simult. Bonferroni-t,0.948,0.009929350431926557,0.06119509381822736,0.0,1.0,0.0003708340009325184
4,1,0.0,0.0,contrast,C2b simult. Bonferroni-t,0.962,0.008550555537507495,0.08891113930606695,0.0,0.038,0.0003708340009325184
4,1,0.0,0.0,divergence,C2c m-out-of-n cluster,0.754,0.019260529587734602,0.028547142660662807,0.0,1.0,0.19651600000361213
4,1,0.0,0.0,contrast,C2c m-out-of-n cluster,0.786,0.01834142851579451,0.04152491764871622,0.0,0.214,0.19651600000361213
4,1,0.0,0.03,divergence,C0 current,0.836,0.0165592270351004,0.030771330340624934,0.0,1.0,0.24929666800017003
4,1,0.0,0.03,contrast,C0 current,0.832,0.01671980861134481,0.04416995705142719,0.0,0.686,0.24929666800017003
4,1,0.0,0.03,divergence,C1 cluster pct,0.82,0.017181385275931625,0.03199755623713135,0.0,1.0,0.23337641800026176
4,1,0.0,0.03,contrast,C1 cluster pct,0.776,0.018645321128905233,0.045550162839889524,0.0,0.658,0.23337641800026176
4,1,0.0,0.03,divergence,C2a simult. cluster max-|t|,0.82,0.017181385275931625,0.03175372596297272,0.0,1.0,0.23896691600384656
4,1,0.0,0.03,contrast,C2a simult. cluster max-|t|,0.784,0.01840347793217358,0.045195368520211436,0.0,0.664,0.23896691600384656
4,1,0.0,0.03,divergence,C2b simult. Bonferroni-t,0.952,0.009559916317625384,0.06131391455369722,0.0,1.0,0.000384583996492438
4,1,0.0,0.03,contrast,C2b simult. Bonferroni-t,0.954,0.009368457717255283,0.08720507437873902,0.0,0.302,0.000384583996492438
4,1,0.0,0.03,divergence,C2c m-out-of-n cluster,0.782,0.018464885594013304,0.02865489112486624,0.0,1.0,0.19648383399908198
4,1,0.0,0.03,contrast,C2c m-out-of-n cluster,0.752,0.019313000802568203,0.04099942850165098,0.0,0.7,0.19648383399908198
4,1,0.3,0.0,divergence,C0 current,0.802,0.017821111076473318,0.030267189075385455,0.0,1.0,0.26002675000199815
4,1,0.3,0.0,contrast,C0 current,0.87,0.015039946808416579,0.04292987639353837,0.0,0.13,0.26002675000199815
4,1,0.3,0.0,divergence,C1 cluster pct,0.852,0.015880554146502572,0.03782259606942535,0.0,1.0,0.20509433199913474
4,1,0.3,0.0,contrast,C1 cluster pct,0.776,0.018645321128905233,0.03767176131382584,0.0,0.224,0.20509433199913474
4,1,0.3,0.0,divergence,C2a simult. cluster max-|t|,0.842,0.016311713582576173,0.03757415159140607,0.0,1.0,0.21074408200365724
4,1,0.3,0.0,contrast,C2a simult. cluster max-|t|,0.766,0.01893377933746984,0.03739868838732791,0.0,0.234,0.21074408200365724
4,1,0.3,0.0,divergence,C2b simult. Bonferroni-t,0.96,0.008763560920082661,0.07241425131410524,0.0,1.0,0.00046008399658603594
4,1,0.3,0.0,contrast,C2b simult. Bonferroni-t,0.946,0.010107818755794947,0.07218714184131106,0.0,0.054,0.00046008399658603594
4,1,0.3,0.0,divergence,C2c m-out-of-n cluster,0.804,0.01775297158224504,0.033686245363936815,0.0,1.0,0.19715216800250346
4,1,0.3,0.0,contrast,C2c m-out-of-n cluster,0.726,0.01994612744369192,0.0335350882959378,0.0,0.274,0.19715216800250346
4,1,0.3,0.03,divergence,C0 current,0.776,0.018645321128905233,0.03013912404896887,0.0,1.0,0.2510968339993269
4,1,0.3,0.03,contrast,C0 current,0.9,0.013416407864998736,0.04295796220419716,0.0,0.734,0.2510968339993269
4,1,0.3,0.03,divergence,C1 cluster pct,0.792,0.018151363585141474,0.037170653691142794,0.0,1.0,0.20259316600277089
4,1,0.3,0.03,contrast,C1 cluster pct,0.78,0.018525657883055057,0.03814188263192772,0.0,0.748,0.20259316600277089
4,1,0.3,0.03,divergence,C2a simult. cluster max-|t|,0.794,0.01808668018183547,0.036675822310827,0.0,1.0,0.21508708199689863
4,1,0.3,0.03,contrast,C2a simult. cluster max-|t|,0.782,0.018464885594013304,0.037837857346397115,0.0,0.76,0.21508708199689863
4,1,0.3,0.03,divergence,C2b simult. Bonferroni-t,0.952,0.009559916317625384,0.07126153763458552,0.0,1.0,0.0004050000061397441
4,1,0.3,0.03,contrast,C2b simult. Bonferroni-t,0.944,0.010282412168358165,0.07333675543398298,0.0,0.408,0.0004050000061397441
4,1,0.3,0.03,divergence,C2c m-out-of-n cluster,0.776,0.018645321128905233,0.033024564481191225,0.0,1.0,0.19513849999930244
4,1,0.3,0.03,contrast,C2c m-out-of-n cluster,0.74,0.019616319736382767,0.03405438866018497,0.0,0.808,0.19513849999930244
4,1,0.7,0.0,divergence,C0 current,0.694,0.020608930103234373,0.028688737809087306,0.0,1.0,0.31459375000122236
4,1,0.7,0.0,contrast,C0 current,0.974,0.007116740827092135,0.04105059752116955,0.0,0.026,0.31459375000122236
4,1,0.7,0.0,divergence,C1 cluster pct,0.794,0.01808668018183547,0.04330039204806089,0.0,1.0,0.19626633399457205
4,1,0.7,0.0,contrast,C1 cluster pct,0.826,0.016954291492126707,0.02632140987217426,0.0,0.174,0.19626633399457205
4,1,0.7,0.0,divergence,C2a simult. cluster max-|t|,0.802,0.017821111076473318,0.0431736506664964,0.0,1.0,0.20207575199310668
4,1,0.7,0.0,contrast,C2a simult. cluster max-|t|,0.832,0.01671980861134481,0.026102630210875583,0.0,0.168,0.20207575199310668
4,1,0.7,0.0,divergence,C2b simult. Bonferroni-t,0.946,0.010107818755794947,0.08260291369721393,0.0,1.0,0.00033616799919400364
4,1,0.7,0.0,contrast,C2b simult. Bonferroni-t,0.964,0.008331146379700699,0.05039626363133827,0.0,0.036,0.00033616799919400364
4,1,0.7,0.0,divergence,C2c m-out-of-n cluster,0.756,0.019207498535728174,0.03864454246735345,0.0,1.0,0.18817891599610448
4,1,0.7,0.0,contrast,C2c m-out-of-n cluster,0.796,0.018021320706318945,0.023441875455494643,0.0,0.204,0.18817891599610448
4,1,0.7,0.03,divergence,C0 current,0.658,0.021214900423994452,0.028231772463156515,0.0,1.0,0.2358662499973434
4,1,0.7,0.03,contrast,C0 current,0.964,0.008331146379700699,0.040376239554538944,0.0,0.842,0.2358662499973434
4,1,0.7,0.03,divergence,C1 cluster pct,0.786,0.01834142851579451,0.04207845598608255,0.0,1.0,0.1952275000003283
4,1,0.7,0.03,contrast,C1 cluster pct,0.792,0.018151363585141474,0.025164548283070326,0.0,0.948,0.1952275000003283
4,1,0.7,0.03,divergence,C2a simult. cluster max-|t|,0.79,0.01821537811850196,0.041953298603076124,0.0,1.0,0.20163275000231806
4,1,0.7,0.03,contrast,C2a simult. cluster max-|t|,0.79,0.01821537811850196,0.025044619158711465,0.0,0.95,0.20163275000231806
4,1,0.7,0.03,divergence,C2b simult. Bonferroni-t,0.948,0.009929350431926557,0.08039389469846975,0.0,1.0,0.0003334159991936758
4,1,0.7,0.03,contrast,C2b simult. Bonferroni-t,0.956,0.009172131704244116,0.04830589094441926,0.0,0.664,0.0003334159991936758
4,1,0.7,0.03,divergence,C2c m-out-of-n cluster,0.742,0.019567115270269147,0.03743280649750351,0.0,1.0,0.18774641799973324
4,1,0.7,0.03,contrast,C2c m-out-of-n cluster,0.758,0.019153902996517445,0.022442766823014385,0.0,0.96,0.18774641799973324
4,2,0.0,0.0,divergence,C0 current,0.884,0.014320893826853127,0.02315399160188097,0.104,1.0,0.33244883400038816
4,2,0.0,0.0,contrast,C0 current,0.86,0.01551773179301666,0.0387294894187257,0.01,0.14,0.33244883400038816
4,2,0.0,0.0,divergence,C1 cluster pct,0.704,0.020414896521902825,0.02931247297078371,0.002,1.0,0.20918550000351388
4,2,0.0,0.0,contrast,C1 cluster pct,0.742,0.019567115270269147,0.04412501361742615,0.0,0.258,0.20918550000351388
4,2,0.0,0.0,divergence,C2a simult. cluster max-|t|,0.844,0.01622738426241272,0.037076736642198696,0.0,1.0,0.2904165860018111
4,2,0.0,0.0,contrast,C2a simult. cluster max-|t|,0.836,0.0165592270351004,0.051852134859443955,0.0,0.164,0.2904165860018111
4,2,0.0,0.0,divergence,C2b simult. Bonferroni-t,0.968,0.007870959280799264,0.08332506282212014,0.0,1.0,0.000745249999454245
4,2,0.0,0.0,contrast,C2b simult. Bonferroni-t,0.982,0.005945754788082,0.1177930884613155,0.0,0.018,0.000745249999454245
4,2,0.0,0.0,divergence,C2c m-out-of-n cluster,0.754,0.019260529587734602,0.026532788952287226,0.004,1.0,0.20143300000199815
4,2,0.0,0.0,contrast,C2c m-out-of-n cluster,0.758,0.019153902996517445,0.03980365987027948,0.002,0.242,0.20143300000199815
4,2,0.0,0.03,divergence,C0 current,0.362,0.021492138097453217,0.02586810250395902,0.626,1.0,0.3292234999971697
4,2,0.0,0.03,contrast,C0 current,0.656,0.02124448163641561,0.04083128404294409,0.262,0.344,0.3292234999971697
4,2,0.0,0.03,divergence,C1 cluster pct,0.82,0.017181385275931625,0.03090493553951382,0.0,1.0,0.20852816800470464
4,2,0.0,0.03,contrast,C1 cluster pct,0.794,0.01808668018183547,0.04409028318598867,0.0,0.684,0.20852816800470464
4,2,0.0,0.03,divergence,C2a simult. cluster max-|t|,0.856,0.015701210144444283,0.03616250437922823,0.0,1.0,0.2923017520006397
4,2,0.0,0.03,contrast,C2a simult. cluster max-|t|,0.836,0.0165592270351004,0.04990329779649049,0.0,0.602,0.2923017520006397
4,2,0.0,0.03,divergence,C2b simult. Bonferroni-t,0.986,0.0052543315464481325,0.08183446991765077,0.0,1.0,0.0006997500022407621
4,2,0.0,0.03,contrast,C2b simult. Bonferroni-t,0.976,0.006844559883586383,0.11449529236755564,0.0,0.196,0.0006997500022407621
4,2,0.0,0.03,divergence,C2c m-out-of-n cluster,0.714,0.020209106858047932,0.027735372911813466,0.0,1.0,0.20098350000625942
4,2,0.0,0.03,contrast,C2c m-out-of-n cluster,0.712,0.020251222185339826,0.03957157393348493,0.0,0.704,0.20098350000625942
4,2,0.3,0.0,divergence,C0 current,0.728,0.019900552756142227,0.021968349642933326,0.086,1.0,0.33181941799557535
4,2,0.3,0.0,contrast,C0 current,0.912,0.012669333052690657,0.037822113633956815,0.006,0.088,0.33181941799557535
4,2,0.3,0.0,divergence,C1 cluster pct,0.77,0.018820201911775546,0.034920836966484785,0.0,1.0,0.20924874999764143
4,2,0.3,0.0,contrast,C1 cluster pct,0.764,0.018989681408596616,0.036279642220586536,0.0,0.236,0.20924874999764143
4,2,0.3,0.0,divergence,C2a simult. cluster max-|t|,0.868,0.01513776733867977,0.04132656202251823,0.0,1.0,0.293744084003265
4,2,0.3,0.0,contrast,C2a simult. cluster max-|t|,0.836,0.0165592270351004,0.04257740056022534,0.0,0.164,0.293744084003265
4,2,0.3,0.0,divergence,C2b simult. Bonferroni-t,0.984,0.00561141693336006,0.0930362975629781,0.0,1.0,0.0009079160008695908
4,2,0.3,0.0,contrast,C2b simult. Bonferroni-t,0.98,0.006260990336999414,0.09692533204824691,0.0,0.02,0.0009079160008695908
4,2,0.3,0.0,divergence,C2c m-out-of-n cluster,0.784,0.01840347793217358,0.031511831822820344,0.0,1.0,0.19970866800576914
4,2,0.3,0.0,contrast,C2c m-out-of-n cluster,0.76,0.019099738218101316,0.03270690397589418,0.004,0.24,0.19970866800576914
4,2,0.3,0.03,divergence,C0 current,0.392,0.021832819332372078,0.024698815810778336,0.688,1.0,0.329515999997966
4,2,0.3,0.03,contrast,C0 current,0.668,0.02106067425321421,0.0393944057411297,0.236,0.332,0.329515999997966
4,2,0.3,0.03,divergence,C1 cluster pct,0.764,0.018989681408596616,0.03592525234892965,0.0,1.0,0.2122470840040478
4,2,0.3,0.03,contrast,C1 cluster pct,0.822,0.01710648999648964,0.0394407572388649,0.0,0.772,0.2122470840040478
4,2,0.3,0.03,divergence,C2a simult. cluster max-|t|,0.794,0.01808668018183547,0.04040144155197079,0.0,1.0,0.29467308199673425
4,2,0.3,0.03,contrast,C2a simult. cluster max-|t|,0.858,0.01560999679692472,0.044313194782509564,0.0,0.714,0.29467308199673425
4,2,0.3,0.03,divergence,C2b simult. Bonferroni-t,0.98,0.006260990336999414,0.09198429391990641,0.0,1.0,0.0007185840004240163
4,2,0.3,0.03,contrast,C2b simult. Bonferroni-t,0.978,0.006559878047646925,0.10044566035341683,0.0,0.194,0.0007185840004240163
4,2,0.3,0.03,divergence,C2c m-out-of-n cluster,0.694,0.020608930103234373,0.03214847786761414,0.0,1.0,0.19942466799693648
4,2,0.3,0.03,contrast,C2c m-out-of-n cluster,0.762,0.01904499934365974,0.035437489698276224,0.0,0.796,0.19942466799693648
4,2,0.7,0.0,divergence,C0 current,0.536,0.022302645582979612,0.02032686398196437,0.028,1.0,0.3264359999957378
4,2,0.7,0.0,contrast,C0 current,0.954,0.009368457717255283,0.035331068391142376,0.0,0.046,0.3264359999957378
4,2,0.7,0.0,divergence,C1 cluster pct,0.776,0.018645321128905233,0.04092623032703995,0.0,1.0,0.2092098339999211
4,2,0.7,0.0,contrast,C1 cluster pct,0.778,0.018585801031970613,0.023561860933154818,0.0,0.222,0.2092098339999211
4,2,0.7,0.0,divergence,C2a simult. cluster max-|t|,0.822,0.01710648999648964,0.04464957491076571,0.0,1.0,0.2947362519989838
4,2,0.7,0.0,contrast,C2a simult. cluster max-|t|,0.85,0.015968719422671314,0.027485903720479953,0.0,0.15,0.2947362519989838
4,2,0.7,0.0,divergence,C2b simult. Bonferroni-t,0.978,0.006559878047646925,0.10475231593538033,0.0,1.0,0.0006989999965298921
4,2,0.7,0.0,contrast,C2b simult. Bonferroni-t,0.984,0.00561141693336006,0.0627462090375827,0.0,0.016,0.0006989999965298921
4,2,0.7,0.0,divergence,C2c m-out-of-n cluster,0.742,0.019567115270269147,0.03672162662905905,0.0,1.0,0.2003534179966664
4,2,0.7,0.0,contrast,C2c m-out-of-n cluster,0.772,0.018762515822778138,0.021424042050794966,0.0,0.228,0.2003534179966664
4,2,0.7,0.03,divergence,C0 current,0.394,0.021852414054287,0.023930699288339945,0.788,1.0,0.33210599999438273
4,2,0.7,0.03,contrast,C0 current,0.642,0.021439962686534694,0.037550642011415516,0.298,0.338,0.33210599999438273
4,2,0.7,0.03,divergence,C1 cluster pct,0.794,0.01808668018183547,0.04197901123911142,0.0,1.0,0.20864199999778066
4,2,0.7,0.03,contrast,C1 cluster pct,0.822,0.01710648999648964,0.025212293661385773,0.0,0.956,0.20864199999778066
4,2,0.7,0.03,divergence,C2a simult. cluster max-|t|,0.828,0.0168769665520792,0.045024251647672854,0.0,1.0,0.2947482499948819
4,2,0.7,0.03,contrast,C2a simult. cluster max-|t|,0.846,0.016142118820031033,0.02779238639564228,0.0,0.934,0.2947482499948819
4,2,0.7,0.03,divergence,C2b simult. Bonferroni-t,0.986,0.0052543315464481325,0.10545413854569366,0.0,1.0,0.0007068320046528243
4,2,0.7,0.03,contrast,C2b simult. Bonferroni-t,0.974,0.007116740827092135,0.06342562009506135,0.0,0.464,0.0007068320046528243
4,2,0.7,0.03,divergence,C2c m-out-of-n cluster,0.758,0.019153902996517445,0.03737240548047754,0.0,1.0,0.20017250000091735
4,2,0.7,0.03,contrast,C2c m-out-of-n cluster,0.742,0.019567115270269147,0.022363637452164624,0.0,0.97,0.20017250000091735
4,3,0.0,0.0,divergence,C0 current,0.852,0.015880554146502572,0.018847303632369083,0.466,1.0,0.4244891659982386
4,3,0.0,0.0,contrast,C0 current,0.856,0.015701210144444283,0.0360314458545023,0.084,0.144,0.4244891659982386
4,3,0.0,0.0,divergence,C1 cluster pct,0.486,0.022351912669836556,0.027416020426899192,0.002,1.0,0.20619716600049287
4,3,0.0,0.0,contrast,C1 cluster pct,0.648,0.02135865164283551,0.04159427935183048,0.0,0.352,0.20619716600049287
4,3,0.0,0.0,divergence,C2a simult. cluster max-|t|,0.79,0.01821537811850196,0.03782956539598636,0.0,1.0,0.33497774999705143
4,3,0.0,0.0,contrast,C2a simult. cluster max-|t|,0.806,0.017684117167673367,0.05185747211674312,0.0,0.194,0.33497774999705143
4,3,0.0,0.0,divergence,C2b simult. Bonferroni-t,0.976,0.006844559883586383,0.09453802581465498,0.0,1.0,0.001281916003790684
4,3,0.0,0.0,contrast,C2b simult. Bonferroni-t,0.978,0.006559878047646925,0.13140183874316194,0.0,0.022,0.001281916003790684
4,3,0.0,0.0,divergence,C2c m-out-of-n cluster,0.7,0.020493901531919198,0.025070135025106972,0.01,1.0,0.1969535839962191
4,3,0.0,0.0,contrast,C2c m-out-of-n cluster,0.718,0.020123419192572618,0.03783211457773919,0.006,0.282,0.1969535839962191
4,3,0.0,0.03,divergence,C0 current,0.072,0.011559930795640603,0.02100422252537951,0.9,1.0,0.4201795840053819
4,3,0.0,0.03,contrast,C0 current,0.514,0.022351912669836556,0.03767497248198893,0.572,0.25,0.4201795840053819
4,3,0.0,0.03,divergence,C1 cluster pct,0.816,0.017328819925199756,0.029589706867933274,0.0,1.0,0.2094896679991507
4,3,0.0,0.03,contrast,C1 cluster pct,0.818,0.017255491879398864,0.04384619899243116,0.0,0.768,0.2094896679991507
4,3,0.0,0.03,divergence,C2a simult. cluster max-|t|,0.892,0.013880633991284403,0.03758488581373625,0.0,1.0,0.3347095839926624
4,3,0.0,0.03,contrast,C2a simult. cluster max-|t|,0.89,0.013992855319769442,0.05299608298588739,0.0,0.642,0.3347095839926624
4,3,0.0,0.03,divergence,C2b simult. Bonferroni-t,1.0,0.0,0.09479151044153593,0.0,1.0,0.001049334001436364
4,3,0.0,0.03,contrast,C2b simult. Bonferroni-t,0.992,0.003983967871356396,0.1342943214632203,0.0,0.11,0.001049334001436364
4,3,0.0,0.03,divergence,C2c m-out-of-n cluster,0.7,0.020493901531919198,0.02666653485648913,0.0,1.0,0.20528633199864998
4,3,0.0,0.03,contrast,C2c m-out-of-n cluster,0.74,0.019616319736382767,0.03937383174262193,0.0,0.726,0.20528633199864998
4,3,0.3,0.0,divergence,C0 current,0.642,0.021439962686534694,0.01812242224899246,0.322,1.0,0.4186035839957185
4,3,0.3,0.0,contrast,C0 current,0.888,0.014103616557464968,0.03505357503195689,0.02,0.112,0.4186035839957185
4,3,0.3,0.0,divergence,C1 cluster pct,0.668,0.02106067425321421,0.0334166440680623,0.0,1.0,0.2056757500031381
4,3,0.3,0.0,contrast,C1 cluster pct,0.684,0.020791536739741004,0.035041554672271005,0.0,0.316,0.2056757500031381
4,3,0.3,0.0,divergence,C2a simult. cluster max-|t|,0.82,0.017181385275931625,0.04198788193191783,0.0,1.0,0.3306567499967059
4,3,0.3,0.0,contrast,C2a simult. cluster max-|t|,0.822,0.01710648999648964,0.04391531446361843,0.0,0.178,0.3306567499967059
4,3,0.3,0.0,divergence,C2b simult. Bonferroni-t,0.978,0.006559878047646925,0.10653343619537804,0.0,1.0,0.0016595839988440275
4,3,0.3,0.0,contrast,C2b simult. Bonferroni-t,0.974,0.007116740827092135,0.11132523946295501,0.0,0.026,0.0016595839988440275
4,3,0.3,0.0,divergence,C2c m-out-of-n cluster,0.726,0.01994612744369192,0.030478491874114146,0.004,1.0,0.19923958199797198
4,3,0.3,0.0,contrast,C2c m-out-of-n cluster,0.744,0.01951737687293044,0.03204541551444918,0.002,0.256,0.19923958199797198
4,3,0.3,0.03,divergence,C0 current,0.146,0.015791390059142988,0.02049107947781252,0.918,1.0,0.4256674159987597
4,3,0.3,0.03,contrast,C0 current,0.422,0.022086919205719934,0.03697291398486074,0.612,0.224,0.4256674159987597
4,3,0.3,0.03,divergence,C1 cluster pct,0.83,0.016798809481626965,0.036678264760226016,0.0,1.0,0.31452641800569836
4,3,0.3,0.03,contrast,C1 cluster pct,0.82,0.017181385275931625,0.03872582986354827,0.0,0.796,0.31452641800569836
4,3,0.3,0.03,divergence,C2a simult. cluster max-|t|,0.882,0.014427473791346842,0.04380176411033173,0.0,1.0,0.4409422520038788
4,3,0.3,0.03,contrast,C2a simult. cluster max-|t|,0.878,0.014636666287102402,0.04557108560373224,0.0,0.688,0.4409422520038788
4,3,0.3,0.03,divergence,C2b simult. Bonferroni-t,0.986,0.0052543315464481325,0.11061269813959035,0.0,1.0,0.0011715840009856038
4,3,0.3,0.03,contrast,C2b simult. Bonferroni-t,0.99,0.0044497190922574,0.11535274262762746,0.0,0.168,0.0011715840009856038
4,3,0.3,0.03,divergence,C2c m-out-of-n cluster,0.764,0.018989681408596616,0.032825711458123775,0.0,1.0,0.19725183400441892
4,3,0.3,0.03,contrast,C2c m-out-of-n cluster,0.752,0.019313000802568203,0.03452137617765166,0.0,0.782,0.19725183400441892
4,3,0.7,0.0,divergence,C0 current,0.492,0.022357817424784557,0.016633581603162,0.166,1.0,0.4199189179998939
4,3,0.7,0.0,contrast,C0 current,0.962,0.008550555537507495,0.03295507989385545,0.002,0.038,0.4199189179998939
4,3,0.7,0.0,divergence,C1 cluster pct,0.766,0.01893377933746984,0.04031017179712653,0.0,1.0,0.20686558399756905
4,3,0.7,0.0,contrast,C1 cluster pct,0.698,0.02053270561811083,0.02374775944203138,0.002,0.302,0.20686558399756905
4,3,0.7,0.0,divergence,C2a simult. cluster max-|t|,0.824,0.017030795636141023,0.045889739238555764,0.0,1.0,0.44248241600143956
4,3,0.7,0.0,contrast,C2a simult. cluster max-|t|,0.83,0.016798809481626965,0.02962132235163305,0.0,0.17,0.44248241600143956
4,3,0.7,0.0,divergence,C2b simult. Bonferroni-t,0.986,0.0052543315464481325,0.12030982089036661,0.0,1.0,0.000916915996640455
4,3,0.7,0.0,contrast,C2b simult. Bonferroni-t,0.978,0.006559878047646925,0.07417728107206803,0.0,0.022,0.000916915996640455
4,3,0.7,0.0,divergence,C2c m-out-of-n cluster,0.772,0.018762515822778138,0.03614592769626786,0.0,1.0,0.2001301659984165
4,3,0.7,0.0,contrast,C2c m-out-of-n cluster,0.78,0.018525657883055057,0.021373757382478084,0.0,0.22,0.2001301659984165
4,3,0.7,0.03,divergence,C0 current,0.212,0.018278730809331376,0.019350243962421063,0.99,1.0,0.4286744160053786
4,3,0.7,0.03,contrast,C0 current,0.386,0.0217717247823869,0.034348324990974836,0.682,0.216,0.4286744160053786
4,3,0.7,0.03,divergence,C1 cluster pct,0.774,0.01870422412183943,0.04138928532004356,0.0,1.0,0.20612541800073814
4,3,0.7,0.03,contrast,C1 cluster pct,0.802,0.017821111076473318,0.025307952765375376,0.0,0.968,0.20612541800073814
4,3,0.7,0.03,divergence,C2a simult. cluster max-|t|,0.808,0.017614539448989292,0.04576221401472213,0.0,1.0,0.3384307500018622
4,3,0.7,0.03,contrast,C2a simult. cluster max-|t|,0.868,0.01513776733867977,0.029408353162019188,0.0,0.936,0.3384307500018622
4,3,0.7,0.03,divergence,C2b simult. Bonferroni-t,0.988,0.004869496893930627,0.12139316517071988,0.0,1.0,0.001690915996732656
4,3,0.7,0.03,contrast,C2b simult. Bonferroni-t,0.994,0.0034536936748935927,0.07460456224366138,0.0,0.378,0.001690915996732656
4,3,0.7,0.03,divergence,C2c m-out-of-n cluster,0.738,0.01966499427917537,0.03700221116236213,0.0,1.0,0.19852158399589825
4,3,0.7,0.03,contrast,C2c m-out-of-n cluster,0.752,0.019313000802568203,0.02266287127296956,0.0,0.972,0.19852158399589825
5,1,0.0,0.0,divergence,C0 current,0.848,0.01605590234150669,0.02738672511017758,0.0,1.0,0.2798275819950504
5,1,0.0,0.0,contrast,C0 current,0.844,0.01622738426241272,0.03923601446659784,0.0,0.156,0.2798275819950504
5,1,0.0,0.0,divergence,C1 cluster pct,0.848,0.01605590234150669,0.030343338456004856,0.0,1.0,0.24002733399538556
5,1,0.0,0.0,contrast,C1 cluster pct,0.836,0.0165592270351004,0.04260702334940433,0.0,0.164,0.24002733399538556
5,1,0.0,0.0,divergence,C2a simult. cluster max-|t|,0.842,0.016311713582576173,0.030221228172612725,0.0,1.0,0.24871666599210585
5,1,0.0,0.0,contrast,C2a simult. cluster max-|t|,0.83,0.016798809481626965,0.04232090404742534,0.0,0.17,0.24871666599210585
5,1,0.0,0.0,divergence,C2b simult. Bonferroni-t,0.948,0.009929350431926557,0.04910892248600557,0.0,1.0,0.002329916002054233
5,1,0.0,0.0,contrast,C2b simult. Bonferroni-t,0.946,0.010107818755794947,0.0688006253859791,0.0,0.054,0.002329916002054233
5,1,0.0,0.0,divergence,C2c m-out-of-n cluster,0.83,0.016798809481626965,0.030191311817222455,0.0,1.0,0.21630083399941213
5,1,0.0,0.0,contrast,C2c m-out-of-n cluster,0.832,0.01671980861134481,0.04218366405630384,0.0,0.168,0.21630083399941213
5,1,0.0,0.03,divergence,C0 current,0.846,0.016142118820031033,0.028112304299463892,0.0,1.0,0.2811901660024887
5,1,0.0,0.03,contrast,C0 current,0.856,0.015701210144444283,0.040040390388096765,0.0,0.766,0.2811901660024887
5,1,0.0,0.03,divergence,C1 cluster pct,0.856,0.015701210144444283,0.030325205117464067,0.0,1.0,0.24186566600110382
5,1,0.0,0.03,contrast,C1 cluster pct,0.818,0.017255491879398864,0.04284282186180353,0.0,0.692,0.24186566600110382
5,1,0.0,0.03,divergence,C2a simult. cluster max-|t|,0.848,0.01605590234150669,0.03016441537021264,0.0,1.0,0.24824558200634783
5,1,0.0,0.03,contrast,C2a simult. cluster max-|t|,0.81,0.01754422982065613,0.042576233377373825,0.0,0.694,0.24824558200634783
5,1,0.0,0.03,divergence,C2b simult. Bonferroni-t,0.938,0.010784804124322337,0.04890920236626937,0.0,1.0,0.00033691799762891605
5,1,0.0,0.03,contrast,C2b simult. Bonferroni-t,0.94,0.010620734437881408,0.0693160838728629,0.0,0.4,0.00033691799762891605
5,1,0.0,0.03,divergence,C2c m-out-of-n cluster,0.832,0.01671980861134481,0.03022507860600512,0.0,1.0,0.2162190820017713
5,1,0.0,0.03,contrast,C2c m-out-of-n cluster,0.812,0.017473179447370188,0.04284168857646846,0.0,0.698,0.2162190820017713
5,1,0.3,0.0,divergence,C0 current,0.822,0.01710648999648964,0.027605003647197597,0.0,1.0,0.28281266600242816
5,1,0.3,0.0,contrast,C0 current,0.914,0.01253826144248077,0.03928935053127245,0.0,0.086,0.28281266600242816
5,1,0.3,0.0,divergence,C1 cluster pct,0.864,0.01532997064576446,0.035790316607058045,0.0,1.0,0.24017808200005675
5,1,0.3,0.0,contrast,C1 cluster pct,0.838,0.016477621187537962,0.035746916077286,0.0,0.162,0.24017808200005675
5,1,0.3,0.0,divergence,C2a simult. cluster max-|t|,0.858,0.01560999679692472,0.03559148648705515,0.0,1.0,0.2468323320063064
5,1,0.3,0.0,contrast,C2a simult. cluster max-|t|,0.838,0.016477621187537962,0.035568006478629725,0.0,0.162,0.2468323320063064
5,1,0.3,0.0,divergence,C2b simult. Bonferroni-t,0.96,0.008763560920082661,0.05774228758004963,0.0,1.0,0.000344583997502923
5,1,0.3,0.0,contrast,C2b simult. Bonferroni-t,0.948,0.009929350431926557,0.05784008857502759,0.0,0.052,0.000344583997502923
5,1,0.3,0.0,divergence,C2c m-out-of-n cluster,0.848,0.01605590234150669,0.03573277364297223,0.0,1.0,0.21655858399753924
5,1,0.3,0.0,contrast,C2c m-out-of-n cluster,0.808,0.017614539448989292,0.035594553100014976,0.0,0.192,0.21655858399753924
5,1,0.3,0.03,divergence,C0 current,0.77,0.018820201911775546,0.027237521070999558,0.0,1.0,0.2755242499988526
5,1,0.3,0.03,contrast,C0 current,0.902,0.013296315279053816,0.039111786112363614,0.0,0.81,0.2755242499988526
5,1,0.3,0.03,divergence,C1 cluster pct,0.836,0.0165592270351004,0.03475423690602183,0.0,1.0,0.239708168002835
5,1,0.3,0.03,contrast,C1 cluster pct,0.82,0.017181385275931625,0.03571285239383578,0.0,0.816,0.239708168002835
5,1,0.3,0.03,divergence,C2a simult. cluster max-|t|,0.83,0.016798809481626965,0.03460298305311621,0.0,1.0,0.24465241800498916
5,1,0.3,0.03,contrast,C2a simult. cluster max-|t|,0.818,0.017255491879398864,0.03540836241585745,0.0,0.828,0.24465241800498916
5,1,0.3,0.03,divergence,C2b simult. Bonferroni-t,0.952,0.009559916317625384,0.05597990551697836,0.0,1.0,0.00033133399847429246
5,1,0.3,0.03,contrast,C2b simult. Bonferroni-t,0.95,0.00974679434480897,0.05755922477383875,0.0,0.568,0.00033133399847429246
5,1,0.3,0.03,divergence,C2c m-out-of-n cluster,0.832,0.01671980861134481,0.03442898275049284,0.0,1.0,0.2174250000025495
5,1,0.3,0.03,contrast,C2c m-out-of-n cluster,0.818,0.017255491879398864,0.03548307189106803,0.0,0.816,0.2174250000025495
5,1,0.7,0.0,divergence,C0 current,0.682,0.020826713614970557,0.02671512425728965,0.0,1.0,0.2856153339962475
5,1,0.7,0.0,contrast,C0 current,0.98,0.006260990336999414,0.038348762789010574,0.0,0.02,0.2856153339962475
5,1,0.7,0.0,divergence,C1 cluster pct,0.842,0.016311713582576173,0.04066203695014119,0.0,1.0,0.2386929999993299
5,1,0.7,0.0,contrast,C1 cluster pct,0.842,0.016311713582576173,0.023041587828844783,0.0,0.158,0.2386929999993299
5,1,0.7,0.0,divergence,C2a simult. cluster max-|t|,0.85,0.015968719422671314,0.040471621871533914,0.0,1.0,0.2461381680041086
5,1,0.7,0.0,contrast,C2a simult. cluster max-|t|,0.846,0.016142118820031033,0.022957445720390383,0.0,0.154,0.2461381680041086
5,1,0.7,0.0,divergence,C2b simult. Bonferroni-t,0.93,0.011410521460476728,0.06569684089473299,0.0,1.0,0.00032966599974315614
5,1,0.7,0.0,contrast,C2b simult. Bonferroni-t,0.946,0.010107818755794947,0.03707908115899694,0.0,0.054,0.00032966599974315614
5,1,0.7,0.0,divergence,C2c m-out-of-n cluster,0.842,0.016311713582576173,0.04057071957678542,0.0,1.0,0.2239027499963413
5,1,0.7,0.0,contrast,C2c m-out-of-n cluster,0.838,0.016477621187537962,0.022958682238608936,0.0,0.162,0.2239027499963413
5,1,0.7,0.03,divergence,C0 current,0.706,0.020374690181693564,0.026231030257136703,0.0,1.0,0.2764817499992205
5,1,0.7,0.03,contrast,C0 current,0.976,0.006844559883586383,0.03721883635661511,0.0,0.894,0.2764817499992205
5,1,0.7,0.03,divergence,C1 cluster pct,0.842,0.016311713582576173,0.03984562372118235,0.0,1.0,0.24056533400289482
5,1,0.7,0.03,contrast,C1 cluster pct,0.82,0.017181385275931625,0.023938287979364394,0.0,0.98,0.24056533400289482
5,1,0.7,0.03,divergence,C2a simult. cluster max-|t|,0.838,0.016477621187537962,0.0395763427095669,0.0,1.0,0.24517658400145592
5,1,0.7,0.03,contrast,C2a simult. cluster max-|t|,0.824,0.017030795636141023,0.023860882317925547,0.0,0.98,0.24517658400145592
5,1,0.7,0.03,divergence,C2b simult. Bonferroni-t,0.95,0.00974679434480897,0.06422424317010514,0.0,1.0,0.0003306660000816919
5,1,0.7,0.03,contrast,C2b simult. Bonferroni-t,0.952,0.009559916317625384,0.03879906819706066,0.0,0.832,0.0003306660000816919
5,1,0.7,0.03,divergence,C2c m-out-of-n cluster,0.826,0.016954291492126707,0.039548449196239455,0.0,1.0,0.21716241799731506
5,1,0.7,0.03,contrast,C2c m-out-of-n cluster,0.838,0.016477621187537962,0.023947978534003933,0.0,0.976,0.21716241799731506
5,2,0.0,0.0,divergence,C0 current,0.87,0.015039946808416579,0.0206375017955464,0.096,1.0,0.39570708400424337
5,2,0.0,0.0,contrast,C0 current,0.88,0.014532721699667961,0.03535472346894857,0.008,0.12,0.39570708400424337
5,2,0.0,0.0,divergence,C1 cluster pct,0.756,0.019207498535728174,0.027545842190086836,0.0,1.0,0.25373574999684934
5,2,0.0,0.0,contrast,C1 cluster pct,0.814,0.017401379255679708,0.04187783505767584,0.0,0.186,0.25373574999684934
5,2,0.0,0.0,divergence,C2a simult. cluster max-|t|,0.894,0.013766916866168691,0.03446358701770494,0.0,1.0,0.33975883599487133
5,2,0.0,0.0,contrast,C2a simult. cluster max-|t|,0.882,0.014427473791346842,0.04865460851199966,0.0,0.118,0.33975883599487133
5,2,0.0,0.0,divergence,C2b simult. Bonferroni-t,0.97,0.007628892449104264,0.06307380562562129,0.0,1.0,0.0015275839978130534
5,2,0.0,0.0,contrast,C2b simult. Bonferroni-t,0.984,0.00561141693336006,0.08951458979660366,0.0,0.016,0.0015275839978130534
5,2,0.0,0.0,divergence,C2c m-out-of-n cluster,0.834,0.016639951923007473,0.026944871180057024,0.0,1.0,0.2317937499974505
5,2,0.0,0.0,contrast,C2c m-out-of-n cluster,0.852,0.015880554146502572,0.04136215472407389,0.0,0.148,0.2317937499974505
5,2,0.0,0.03,divergence,C0 current,0.324,0.020929596269398033,0.023276619454569207,0.762,1.0,0.39749783399747685
5,2,0.0,0.03,contrast,C0 current,0.572,0.022127629787213995,0.03657630669184068,0.336,0.366,0.39749783399747685
5,2,0.0,0.03,divergence,C1 cluster pct,0.828,0.0168769665520792,0.028810317096859214,0.0,1.0,0.25362275000225054
5,2,0.0,0.03,contrast,C1 cluster pct,0.828,0.0168769665520792,0.041254145638644685,0.0,0.74,0.25362275000225054
5,2,0.0,0.03,divergence,C2a simult. cluster max-|t|,0.862,0.01542439626046997,0.03315535584692326,0.0,1.0,0.3407938340023975
5,2,0.0,0.03,contrast,C2a simult. cluster max-|t|,0.862,0.01542439626046997,0.04623673096232442,0.0,0.694,0.3407938340023975
5,2,0.0,0.03,divergence,C2b simult. Bonferroni-t,0.976,0.006844559883586383,0.06055441050417082,0.0,1.0,0.001989582000533119
5,2,0.0,0.03,contrast,C2b simult. Bonferroni-t,0.972,0.0073778045514909145,0.08535843017929794,0.0,0.264,0.001989582000533119
5,2,0.0,0.03,divergence,C2c m-out-of-n cluster,0.784,0.01840347793217358,0.028257823883706984,0.0,1.0,0.23211091599659994
5,2,0.0,0.03,contrast,C2c m-out-of-n cluster,0.802,0.017821111076473318,0.04076123629185586,0.0,0.726,0.23211091599659994
5,2,0.3,0.0,divergence,C0 current,0.748,0.019416281827373642,0.020175842013798267,0.058,1.0,0.4003753339929972
5,2,0.3,0.0,contrast,C0 current,0.898,0.013534843922262271,0.0346460293093064,0.002,0.102,0.4003753339929972
5,2,0.3,0.0,divergence,C1 cluster pct,0.792,0.018151363585141474,0.03393947271779179,0.0,1.0,0.2541997500011348
5,2,0.3,0.0,contrast,C1 cluster pct,0.81,0.01754422982065613,0.03487049729824066,0.0,0.19,0.2541997500011348
5,2,0.3,0.0,divergence,C2a simult. cluster max-|t|,0.89,0.013992855319769442,0.03941297922875901,0.0,1.0,0.3396160019983654
5,2,0.3,0.0,contrast,C2a simult. cluster max-|t|,0.892,0.013880633991284403,0.040434118427543166,0.0,0.108,0.3396160019983654
5,2,0.3,0.0,divergence,C2b simult. Bonferroni-t,0.972,0.0073778045514909145,0.0719346779078657,0.0,1.0,0.000972167996224016
5,2,0.3,0.0,contrast,C2b simult. Bonferroni-t,0.968,0.007870959280799264,0.07431499297061112,0.0,0.032,0.000972167996224016
5,2,0.3,0.0,divergence,C2c m-out-of-n cluster,0.86,0.01551773179301666,0.033361036862429964,0.0,1.0,0.23026808199938387
5,2,0.3,0.0,contrast,C2c m-out-of-n cluster,0.852,0.015880554146502572,0.03467613730991897,0.0,0.148,0.23026808199938387
5,2,0.3,0.03,divergence,C0 current,0.368,0.021567382780485908,0.02288799432345073,0.786,1.0,0.4086529159976635
5,2,0.3,0.03,contrast,C0 current,0.614,0.0217717247823869,0.03619855019558507,0.312,0.374,0.4086529159976635
5,2,0.3,0.03,divergence,C1 cluster pct,0.85,0.015968719422671314,0.034692602849006646,0.0,1.0,0.2556154179983423
5,2,0.3,0.03,contrast,C1 cluster pct,0.846,0.016142118820031033,0.035791597584635015,0.0,0.832,0.2556154179983423
5,2,0.3,0.03,divergence,C2a simult. cluster max-|t|,0.88,0.014532721699667961,0.038730252086450125,0.0,1.0,0.34050258400384337
5,2,0.3,0.03,contrast,C2a simult. cluster max-|t|,0.88,0.014532721699667961,0.040065733065632825,0.0,0.78,0.34050258400384337
5,2,0.3,0.03,divergence,C2b simult. Bonferroni-t,0.98,0.006260990336999414,0.07146752897453541,0.0,1.0,0.001532166003016755
5,2,0.3,0.03,contrast,C2b simult. Bonferroni-t,0.976,0.006844559883586383,0.07358740425670311,0.0,0.34,0.001532166003016755
5,2,0.3,0.03,divergence,C2c m-out-of-n cluster,0.828,0.0168769665520792,0.03440382011674416,0.0,1.0,0.23160300000017742
5,2,0.3,0.03,contrast,C2c m-out-of-n cluster,0.816,0.017328819925199756,0.03527377877167386,0.0,0.81,0.23160300000017742
5,2,0.7,0.0,divergence,C0 current,0.56,0.02219909908081857,0.01887481641519755,0.026,1.0,0.39632091599924024
5,2,0.7,0.0,contrast,C0 current,0.976,0.006844559883586383,0.03254209063673045,0.0,0.024,0.39632091599924024
5,2,0.7,0.0,divergence,C1 cluster pct,0.818,0.017255491879398864,0.038722815086692564,0.0,1.0,0.2536635000069509
5,2,0.7,0.0,contrast,C1 cluster pct,0.798,0.01795527777562909,0.022238404773175718,0.0,0.202,0.2536635000069509
5,2,0.7,0.0,divergence,C2a simult. cluster max-|t|,0.856,0.015701210144444283,0.04221239373302521,0.0,1.0,0.33628375200351
5,2,0.7,0.0,contrast,C2a simult. cluster max-|t|,0.888,0.014103616557464968,0.02604665485994513,0.0,0.112,0.33628375200351
5,2,0.7,0.0,divergence,C2b simult. Bonferroni-t,0.976,0.006844559883586383,0.08022855664096555,0.0,1.0,0.0018826660016202368
5,2,0.7,0.0,contrast,C2b simult. Bonferroni-t,0.966,0.008104813384649892,0.04798562505271087,0.0,0.034,0.0018826660016202368
5,2,0.7,0.0,divergence,C2c m-out-of-n cluster,0.83,0.016798809481626965,0.038456332557866874,0.0,1.0,0.23189858400291996
5,2,0.7,0.0,contrast,C2c m-out-of-n cluster,0.83,0.016798809481626965,0.022030832288883154,0.0,0.17,0.23189858400291996
5,2,0.7,0.03,divergence,C0 current,0.364,0.02151762068631195,0.022290226681866924,0.844,1.0,0.39867341599892825
5,2,0.7,0.03,contrast,C0 current,0.64,0.02146625258399798,0.03537248242171856,0.332,0.346,0.39867341599892825
5,2,0.7,0.03,divergence,C1 cluster pct,0.848,0.01605590234150669,0.04120014012306928,0.0,1.0,0.25513808200048516
5,2,0.7,0.03,contrast,C1 cluster pct,0.856,0.015701210144444283,0.023917726358026265,0.0,0.978,0.25513808200048516
5,2,0.7,0.03,divergence,C2a simult. cluster max-|t|,0.874,0.01484075469779081,0.043991956630377485,0.0,1.0,0.33853349800483556
5,2,0.7,0.03,contrast,C2a simult. cluster max-|t|,0.88,0.014532721699667961,0.02644193487157603,0.0,0.964,0.33853349800483556
5,2,0.7,0.03,divergence,C2b simult. Bonferroni-t,0.972,0.0073778045514909145,0.08365292522931841,0.0,1.0,0.0008373339951504022
5,2,0.7,0.03,contrast,C2b simult. Bonferroni-t,0.974,0.007116740827092135,0.04859338642196174,0.0,0.684,0.0008373339951504022
5,2,0.7,0.03,divergence,C2c m-out-of-n cluster,0.842,0.016311713582576173,0.040951336406873096,0.0,1.0,0.2299243320012465
5,2,0.7,0.03,contrast,C2c m-out-of-n cluster,0.852,0.015880554146502572,0.023756019784888248,0.0,0.984,0.2299243320012465
5,3,0.0,0.0,divergence,C0 current,0.896,0.013651666564928987,0.017066610653966165,0.38,1.0,0.5140136659974814
5,3,0.0,0.0,contrast,C0 current,0.876,0.014739335127474372,0.03329697444512375,0.048,0.124,0.5140136659974814
5,3,0.0,0.0,divergence,C1 cluster pct,0.568,0.022152923057691506,0.02569629006832838,0.0,1.0,0.2529354180005612
5,3,0.0,0.0,contrast,C1 cluster pct,0.742,0.019567115270269147,0.04050053327158094,0.0,0.258,0.2529354180005612
5,3,0.0,0.0,divergence,C2a simult. cluster max-|t|,0.868,0.01513776733867977,0.03588416175142158,0.0,1.0,0.37992633399699116
5,3,0.0,0.0,contrast,C2a simult. cluster max-|t|,0.86,0.01551773179301666,0.05031921998295093,0.0,0.14,0.37992633399699116
5,3,0.0,0.0,divergence,C2b simult. Bonferroni-t,0.974,0.007116740827092135,0.07080105181126047,0.0,1.0,0.0010809160012286156
5,3,0.0,0.0,contrast,C2b simult. Bonferroni-t,0.972,0.0073778045514909145,0.10038305024705545,0.0,0.028,0.0010809160012286156
5,3,0.0,0.0,divergence,C2c m-out-of-n cluster,0.828,0.0168769665520792,0.02498414717885955,0.008,1.0,0.22897824999381555
5,3,0.0,0.0,contrast,C2c m-out-of-n cluster,0.838,0.016477621187537962,0.03983049733216538,0.004,0.162,0.22897824999381555
5,3,0.0,0.03,divergence,C0 current,0.034,0.008104813384649889,0.018918155602654915,0.946,1.0,0.5263644180013216
5,3,0.0,0.03,contrast,C0 current,0.392,0.021832819332372078,0.034030520978643564,0.652,0.258,0.5263644180013216
5,3,0.0,0.03,divergence,C1 cluster pct,0.87,0.015039946808416579,0.02891653278246522,0.0,1.0,0.25326508400030434
5,3,0.0,0.03,contrast,C1 cluster pct,0.85,0.015968719422671314,0.04260420604348182,0.0,0.738,0.25326508400030434
5,3,0.0,0.03,divergence,C2a simult. cluster max-|t|,0.916,0.012405160216619531,0.036079145519461675,0.0,1.0,0.3761339179982315
5,3,0.0,0.03,contrast,C2a simult. cluster max-|t|,0.896,0.013651666564928987,0.05053873271497911,0.0,0.622,0.3761339179982315
5,3,0.0,0.03,divergence,C2b simult. Bonferroni-t,0.996,0.002822764602300377,0.07120513006850249,0.0,1.0,0.0022053339998819865
5,3,0.0,0.03,contrast,C2b simult. Bonferroni-t,0.992,0.003983967871356396,0.10115476839346414,0.0,0.206,0.0022053339998819865
5,3,0.0,0.03,divergence,C2c m-out-of-n cluster,0.766,0.01893377933746984,0.028089735375030542,0.0,1.0,0.22871366600156762
5,3,0.0,0.03,contrast,C2c m-out-of-n cluster,0.82,0.017181385275931625,0.041946156898696844,0.0,0.7,0.22871366600156762
5,3,0.3,0.0,divergence,C0 current,0.604,0.02187162545399861,0.01652696477483166,0.304,1.0,0.5147829999987152
5,3,0.3,0.0,contrast,C0 current,0.892,0.013880633991284403,0.03211324151475231,0.026,0.108,0.5147829999987152
5,3,0.3,0.0,divergence,C1 cluster pct,0.704,0.020414896521902825,0.03210815891996026,0.0,1.0,0.2526089159946423
5,3,0.3,0.0,contrast,C1 cluster pct,0.71,0.020292855885754475,0.03355484302341938,0.0,0.29,0.2526089159946423
5,3,0.3,0.0,divergence,C2a simult. cluster max-|t|,0.84,0.01639512122553536,0.040173881207732916,0.0,1.0,0.37488666599529097
5,3,0.3,0.0,contrast,C2a simult. cluster max-|t|,0.842,0.016311713582576173,0.041632361921447855,0.0,0.158,0.37488666599529097
5,3,0.3,0.0,divergence,C2b simult. Bonferroni-t,0.982,0.005945754788082,0.08020282009734317,0.0,1.0,0.001082167997083161
5,3,0.3,0.0,contrast,C2b simult. Bonferroni-t,0.974,0.007116740827092135,0.08313955622191853,0.0,0.026,0.001082167997083161
5,3,0.3,0.0,divergence,C2c m-out-of-n cluster,0.79,0.01821537811850196,0.031664447561341576,0.0,1.0,0.22785283400298795
5,3,0.3,0.0,contrast,C2c m-out-of-n cluster,0.834,0.016639951923007473,0.03317595628631916,0.0,0.166,0.22785283400298795
5,3,0.3,0.03,divergence,C0 current,0.106,0.013766916866168693,0.018315976666448797,0.952,1.0,0.5164409999997588
5,3,0.3,0.03,contrast,C0 current,0.352,0.02135865164283551,0.03350916532251918,0.69,0.224,0.5164409999997588
5,3,0.3,0.03,divergence,C1 cluster pct,0.836,0.0165592270351004,0.03386820757463574,0.0,1.0,0.25131316800252534
5,3,0.3,0.03,contrast,C1 cluster pct,0.826,0.016954291492126707,0.03603295514285564,0.0,0.818,0.25131316800252534
5,3,0.3,0.03,divergence,C2a simult. cluster max-|t|,0.904,0.013174520864152895,0.040153592471374185,0.0,1.0,0.3765397520037368
5,3,0.3,0.03,contrast,C2a simult. cluster max-|t|,0.882,0.014427473791346842,0.04241117666356463,0.0,0.718,0.3765397520037368
5,3,0.3,0.03,divergence,C2b simult. Bonferroni-t,0.976,0.006844559883586383,0.07971039740590198,0.0,1.0,0.000981418001174461
5,3,0.3,0.03,contrast,C2b simult. Bonferroni-t,0.992,0.003983967871356396,0.08449637998781057,0.0,0.262,0.000981418001174461
5,3,0.3,0.03,divergence,C2c m-out-of-n cluster,0.814,0.017401379255679708,0.033495065018952046,0.0,1.0,0.2286490819969913
5,3,0.3,0.03,contrast,C2c m-out-of-n cluster,0.786,0.01834142851579451,0.03566377122820112,0.0,0.768,0.2286490819969913
5,3,0.7,0.0,divergence,C0 current,0.51,0.022356207191739835,0.01542578068584249,0.138,1.0,0.5111015000002226
5,3,0.7,0.0,contrast,C0 current,0.972,0.0073778045514909145,0.030346282552905234,0.012,0.028,0.5111015000002226
5,3,0.7,0.0,divergence,C1 cluster pct,0.818,0.017255491879398864,0.03858971571624279,0.0,1.0,0.25541041800170206
5,3,0.7,0.0,contrast,C1 cluster pct,0.738,0.01966499427917537,0.021969889275729657,0.0,0.262,0.25541041800170206
5,3,0.7,0.0,divergence,C2a simult. cluster max-|t|,0.892,0.013880633991284403,0.04398889418602542,0.0,1.0,0.38138316799449967
5,3,0.7,0.0,contrast,C2a simult. cluster max-|t|,0.852,0.015880554146502572,0.02741177387496595,0.0,0.148,0.38138316799449967
5,3,0.7,0.0,divergence,C2b simult. Bonferroni-t,0.988,0.004869496893930627,0.09094983476617234,0.0,1.0,0.0010881660055019893
5,3,0.7,0.0,contrast,C2b simult. Bonferroni-t,0.976,0.006844559883586383,0.05460098104778109,0.0,0.024,0.0010881660055019893
5,3,0.7,0.0,divergence,C2c m-out-of-n cluster,0.826,0.016954291492126707,0.03827534105485692,0.0,1.0,0.22886075000133133
5,3,0.7,0.0,contrast,C2c m-out-of-n cluster,0.824,0.017030795636141023,0.021680478309292775,0.0,0.176,0.22886075000133133
5,3,0.7,0.03,divergence,C0 current,0.134,0.015234434679370286,0.01780580826865353,0.996,1.0,0.5122586680008681
5,3,0.7,0.03,contrast,C0 current,0.286,0.020209106858047932,0.03198238000968565,0.772,0.2,0.5122586680008681
5,3,0.7,0.03,divergence,C1 cluster pct,0.866,0.015234434679370286,0.040013898287713526,0.0,1.0,0.25218916599988006
5,3,0.7,0.03,contrast,C1 cluster pct,0.822,0.01710648999648964,0.02326472779363394,0.0,0.986,0.25218916599988006
5,3,0.7,0.03,divergence,C2a simult. cluster max-|t|,0.892,0.013880633991284403,0.04455542562118581,0.0,1.0,0.3780183319977368
5,3,0.7,0.03,contrast,C2a simult. cluster max-|t|,0.862,0.01542439626046997,0.02709849047677922,0.0,0.972,0.3780183319977368
5,3,0.7,0.03,divergence,C2b simult. Bonferroni-t,0.986,0.0052543315464481325,0.09270888866656722,0.0,1.0,0.001926584001921583
5,3,0.7,0.03,contrast,C2b simult. Bonferroni-t,0.982,0.005945754788082,0.053883998458557014,0.0,0.614,0.001926584001921583
5,3,0.7,0.03,divergence,C2c m-out-of-n cluster,0.864,0.01532997064576446,0.03994558523898587,0.0,1.0,0.22819800000434043
5,3,0.7,0.03,contrast,C2c m-out-of-n cluster,0.814,0.017401379255679708,0.023153767128008682,0.0,0.984,0.22819800000434043
