score_raw,score_cal,y,g
0.8302848105634345,0.7597630734899052,1,0
0.7310755763470566,0.7069735337783392,1,1
0.712325221577483,0.6979726461601747,0,1
0.6164585721525702,0.5856723444081002,0,0
0.8810655470614641,0.7929209886350808,0,0
0.5563175480525921,0.6175886932355906,1,1
0.7463503959012844,0.6974703812875026,1,0
0.2350248901061736,0.4356941176403957,0,1
0.2139227396199713,0.23687999939317053,0,0
0.5046283846752638,0.4812454838877541,1,0
0.3720192293902765,0.36020734658120224,0,0
0.2388978860999829,0.254300839282628,0,0
0.7663159065579525,0.7234569114392451,1,1
0.4907324305010886,0.5814387731208325,1,1
0.8076773265780334,0.7420551979206755,0,1
0.4282060669925389,0.4102667921976992,0,0
0.539370310509722,0.5139429134169367,1,0
0.2617478445845442,0.27096136580601216,0,0
0.8277351889785013,0.7580061229157777,1,0
0.4750676279320928,0.5726574427726286,0,1
0.5611526751075125,0.620208152513796,1,1
0.4297770149592915,0.41169897262464905,1,0
0.4370796970707775,0.5511817819259277,0,1
0.5603515361431858,0.5336496091254599,1,0
0.8941159921309412,0.8008749227356857,1,0
0.4999925370701051,0.5866059811348191,1,1
0.7121572847912933,0.6696291691928313,1,0
0.677174761368335,0.6398614465220458,0,0
0.750953060297413,0.7011153412217221,0,0
0.3361590009405166,0.32970595475257236,1,0
0.4334717336806226,0.4150731842283552,0,0
0.3003376710535166,0.3006047514502827,0,0
0.46998492511739,0.4487996350450184,1,0
0.849733081960089,0.7601088766988918,1,1
0.6631389479511054,0.6736379888845443,0,1
0.7198621684490395,0.7016095211961099,1,1
0.5273259294567225,0.5026066081558948,1,0
0.4873430058558398,0.5795429092312323,1,1
0.3736509953544623,0.3616247915156341,1,0
0.2778450346185875,0.28310168677224,0,0
0.3977605537575655,0.5287517430785921,0,1
0.7270811226052043,0.7050692363290616,1,1
0.4857377479358117,0.4635159288078643,1,0
0.2551610362664419,0.26608905552890066,0,0
0.167983143488852,0.20703818051699951,0,0
0.6166680730935127,0.6497512486128679,1,1
0.5670226630168328,0.5398964802880752,0,0
0.4314614772910067,0.5479873774453019,1,1
0.5963945726368088,0.567225867450194,0,0
0.5174844208596935,0.5963138844402934,1,1
0.2432822317938992,0.2574446502822888,0,0
0.2633330077647144,0.27214225582929064,1,0
0.3202678469136641,0.48429012719385806,0,1
0.5081581908925524,0.5911467457835886,1,1
0.325479534742276,0.48728040056417943,0,1
0.6548854297673979,0.6202996734126858,0,0
0.2318203789023789,0.43388529685679744,0,1
0.4206701671876784,0.5418407788502008,0,1
0.6455155887578927,0.664676845638927,1,1
0.4114174015051433,0.5365602839547406,0,1
0.6663049006056282,0.6752346972093903,1,1
0.5028804403794631,0.5882136154000824,0,1
0.6438217015608805,0.6104380624264707,1,0
0.4162586421909456,0.3994260756861846,1,0
0.5121593660541369,0.4883292906342013,0,0
0.6019637458431841,0.5723670718077986,0,0
0.627923602628661,0.5961096335968527,1,0
0.6591724987788476,0.6240948808110636,0,0
0.4405888036009356,0.4215951081360271,0,0
0.8008111033142694,0.7389236920050272,0,0
0.6934956767757454,0.6539003007958331,0,0
0.6829441538166978,0.6448529970663774,1,0
0.732846106664302,0.7078153016007765,0,1
0.6264388054457798,0.5947626145644873,0,0
0.6771927117236487,0.6398770244299895,1,0
0.2865531761961402,0.2898047173181104,0,0
0.4348300873520745,0.5499031917616346,0,1
0.4478808631791443,0.5573110351185441,1,1
0.1344641370716263,0.1870785838521322,0,0
0.8315587148306738,0.7524145268135686,1,1
0.6683229532372252,0.67625035735527,0,1
0.7859603579273791,0.7279909862343891,1,0
0.7552467052075696,0.7183414170017328,1,1
0.2752677793431064,0.2811359500308704,0,0
0.4677609632154002,0.44672861058074237,1,0
0.7513447376403236,0.7165245201212048,0,1
0.6719086189096604,0.6780508822472912,0,1
0.2381285737273732,0.43744765878831937,1,1
0.1189150381427935,0.17833570252927863,0,0
0.3277660857495791,0.4885926388831096,1,1
0.5325703995436663,0.5075437769292062,1,0
0.7658101801548655,0.7232244511647383,0,1
0.7260756014832535,0.704588736173955,1,1
0.272757584898705,0.2792293733486582,0,0
0.3664216182624437,0.35536355804188685,1,0
0.6067527545081304,0.5767756425336671,0,0
0.3909189243868772,0.5248343839867612,0,1
0.3244808655370922,0.32006011040026927,1,0
0.4252592737962516,0.40758441706088483,0,0
0.6275272054294246,0.6554061132673045,1,1
0.2990075261848743,0.47210565996941234,0,1
0.444438548439235,0.4251345145978464,1,0
0.5883255459710179,0.5597514433848015,1,0
0.7550494474338849,0.7043380774416729,1,0
0.3971318837204943,0.38227830812552305,0,0
0.4612088327465704,0.5648499723560476,1,1
0.3599074836985083,0.5070467080538217,0,1
0.6797846738153399,0.6421233080897628,0,0
0.4284367960593656,0.4104770454519079,1,0
0.5814037052696305,0.5533178776081791,0,0
0.4110958997227163,0.5363766504990092,0,1
0.517958766785329,0.4937876801909106,0,0
0.1911298998351747,0.41108567105362054,0,1
0.8219175283268186,0.74826618718877,1,1
0.4129044732907969,0.5374095309081098,1,1
0.5853334653000016,0.5569727604040033,1,0
0.5044312936400912,0.5890761684199652,0,1
0.343793032253108,0.3360905323685613,0,0
0.7452562929971321,0.6966002408147323,1,0
0.7948556786606162,0.73637808984823,0,1
0.4820441937524256,0.5765743479164603,1,1
0.3416001968373674,0.49653465921253553,0,1
0.4560660288202118,0.5619443123145297,1,1
0.5122884740336852,0.4884507814651029,1,0
0.335810934040347,0.32941632544192984,0,0
0.6906569553054281,0.6873785565296231,0,1
0.6207990128395509,0.5896332972250566,0,0
0.7238033780633338,0.7035012550937559,1,1
0.8244659023626781,0.7557404823779016,1,0
0.437504045457612,0.41876480474692657,0,0
0.7882640531970774,0.7334284528758428,1,1
0.6170772884789881,0.5862376560926864,1,0
0.3577015692934337,0.5057802176120243,1,1
0.4166483526676603,0.39977819806714177,0,0
0.6657776984935667,0.6299124097851571,1,0
0.4113593805903084,0.3950083302396365,0,0
0.4313093343785231,0.5479008158870521,1,1
0.3338168131662397,0.3277595022699233,0,0
0.7570165673844571,0.705878476066587,0,0
0.532940668322532,0.6048299663950415,1,1
0.5106335085893621,0.486893564491687,0,0
0.7002589796542897,0.6920982508822711,0,1
0.4349453317936907,0.41642119548012313,1,0
0.4098191651389357,0.39362299101283554,1,0
0.6035379738924003,0.5738175476413431,1,0
0.761250715470586,0.7211232283435516,1,1
0.4330878324336943,0.4147222085967537,0,0
0.5398198365276694,0.5143658071705115,0,0
0.5708562314787384,0.6254439041537059,0,1
0.2343885911725273,0.2510939349873268,0,0
0.235734276418153,0.2520481339487915,1,0
0.4388256474767516,0.419976747584715,0,0
0.7210900653112634,0.7021996408854518,1,1
0.5497373232133753,0.5236894190788404,1,0
0.5563253989895772,0.6175929521172779,1,1
0.8034295758527381,0.7401832645913956,0,1
0.3334100868465111,0.327422096720011,1,0
0.6170153401420168,0.6499327501647489,1,1
0.5722517745523296,0.5447843934292483,1,0
0.6409230956299258,0.662321695550424,1,1
0.4644988096749955,0.5667064728984587,1,1
0.5993455061740076,0.6406433391442669,1,1
0.568419931939424,0.5412033687180356,0,0
0.5234556498879797,0.5996110996184243,0,1
0.2946620929030555,0.29613019717985484,1,0
0.6076065757679724,0.5775603749336671,1,0
0.4853190580472561,0.5784096966901446,1,1
0.4274337927481921,0.5456948673547752,1,1
0.5198255310228126,0.49554505437689217,1,0
0.4011383660018255,0.5306845255234452,1,1
0.7118975998490942,0.6694127780524379,0,0
0.3533041294798201,0.5032552926498373,1,1
0.4800424322484937,0.4581866606710884,0,0
0.6123017452250407,0.6474654703215161,1,1
0.7761305581683393,0.7279443111100053,1,1
0.423653540116685,0.5435414267489447,0,1
0.2388360509038784,0.25425668152914976,0,0
0.5272269290751019,0.5025134008142458,0,0
0.5453496198144562,0.5195661082608769,1,0
0.5675281447325567,0.6236514033538146,1,1
0.411822186703184,0.3954249297328936,0,0
0.3160468999901754,0.4818691184793494,1,1
0.2017475582920687,0.22869162147252015,0,0
0.5637007275004227,0.6215857734441768,1,1
0.4035659540248238,0.3880163303990364,1,0
0.4975379533492852,0.5852381123842586,0,1
0.4887494712430643,0.5803298994017123,0,1
0.3528250766081305,0.5029802174082267,0,1
0.4737340840656505,0.5719076873273728,1,1
0.5625968237051628,0.6209891801491481,1,1
0.2470733678327793,0.44250995470185367,0,1
0.522708978973798,0.5991992867015689,1,1
0.5893851314105741,0.635359576528036,0,1
0.8025000931590324,0.739772478979706,1,1
0.7147258220190017,0.699133759413939,1,1
0.5834947849063781,0.6322193597961002,1,1
0.6020259341686999,0.5724243952037518,1,0
0.4605738659624709,0.44004874222562035,0,0
0.7657311583041956,0.7231881173868538,1,1
0.7768958425609465,0.7211787554949479,1,0
0.3199473083986052,0.31635600719584467,1,0
0.6621368909821548,0.626710312582421,1,0
0.5654047374740324,0.5383825235756327,1,0
0.3339300686849622,0.4921308452339715,1,1
0.4835655209072103,0.46148226427144495,1,0
0.6614094544395613,0.6260691870263565,1,0
0.7243241246255752,0.703750687766783,1,1
0.6349606438062714,0.6592519548639247,1,1
0.4488492872950218,0.4291991256888105,0,0
0.4298731011540948,0.41178661999444965,0,0
0.5489123393049379,0.522914376159551,1,0
0.2254342930806395,0.24480598861181374,0,0
0.7978767071607646,0.7367861522211723,1,0
0.2888828823280521,0.46631391114587356,0,1
0.3320750528067155,0.326315855164629,0,0
0.6366509544034946,0.6601235750361284,0,1
0.5900360859134446,0.6357059080360197,0,1
0.6209213312200843,0.6519712439168106,1,1
0.6976643019092996,0.6908267856707223,1,1
0.394097846890862,0.5266549712358749,0,1
0.4120390357092868,0.39562018079946376,0,0
0.7334772204234135,0.687143816393527,1,0
0.5093904293511091,0.4857240718327929,0,0
0.370569562209831,0.513166602283052,0,1
0.6226208670671805,0.6528564832941941,0,1
0.3706581567403352,0.5132174403978884,1,1
0.4714892733152239,0.5706448479083032,0,1
0.4025143778065277,0.5314716182951105,0,1
0.6238955596929134,0.6535197413986534,0,1
0.3935216088937308,0.37907280541936916,0,0
0.6658919341279178,0.6300126972461524,1,0
0.4229729857154307,0.4055070582932755,0,0
0.5669576104619009,0.6233437729875692,1,1
0.6585010519713148,0.6235014621834958,1,0
0.4256034721676627,0.5446524241137349,1,1
0.4954487505147821,0.47262138254639396,1,0
0.8142603967630809,0.7485760920380539,1,0
0.6618712543818861,0.626476245470851,1,0
0.3004919852073859,0.30072694807981615,1,0
0.4215269064361433,0.4041948664074182,0,0
0.563210932059955,0.6213211138958583,0,1
0.0805115026791056,0.1581186588795462,0,0
0.5639705682724687,0.5370399218368048,1,0
0.2444910124054896,0.2583158623364343,0,0
0.5147818731685474,0.4907973248029537,1,0
0.6321828775819877,0.5999655856731025,0,0
0.4236365086590864,0.4061096012709567,0,0
0.2983795416113664,0.29905663204019794,0,0
0.9057762678184074,0.7827905307006243,0,1
0.1580116672434151,0.3928020983218854,1,1
0.5652994780796601,0.6224491491596255,1,1
0.5551139351930046,0.6169355585427309,1,1
0.2364735563317449,0.2525733648940925,0,0
0.4982703058768975,0.47527068394757954,1,0
0.5722804970219778,0.6262099637707946,1,1
0.231812687436988,0.2492741208360922,0,0
0.23720804857566,0.4369274088480758,0,1
0.6371568067755607,0.6044528615250724,1,0
0.3769149715830553,0.36446728637739895,0,0
0.6061381160923193,0.6442272970800049,0,1
0.794345886242014,0.736150715822584,1,1
0.4783205315307571,0.4565772547008674,1,0
0.2067245708176201,0.23201464212028214,0,0
0.3457584731207396,0.49892240729623877,0,1
0.2752606362954435,0.281130513413466,1,0
0.3374493051669273,0.4941513090592866,0,1
0.3806617201826484,0.5189557650331807,0,1
0.3108845327827905,0.30902106949629526,1,0
0.4130508042055423,0.39653161729146225,0,0
0.417283627872198,0.5399091291837732,1,1
0.3683647842067297,0.35704174463722715,0,0
0.4441678422991752,0.5552059078089348,1,1
0.6791499629017311,0.6816709726211099,1,1
0.4534884316532003,0.560486369037673,0,1
0.6125101736444042,0.6475747374386155,0,1
0.7218450159214523,0.7025621316511246,1,1
0.762793203190017,0.721835175771726,1,1
0.2104276976345566,0.23450889588791513,0,0
0.5030172724557059,0.5882897404994261,1,1
0.6257221555279808,0.594111952214754,1,0
0.5173457617340532,0.4932106278288016,0,0
0.623371278719688,0.65324701543116,1,1
0.8393353222314633,0.7659291051780629,0,0
0.5460602084681594,0.5202340742517502,0,0
0.3173331643421032,0.31423064842655785,0,0
0.650262511824909,0.6161906094870934,0,0
0.5032260707856168,0.5884058951308735,0,1
0.7974024822542292,0.7364396526031913,1,0
0.6542146447562929,0.6691154874774099,1,1
0.56060799467077,0.5338899657895362,1,0
0.343146553581535,0.4974225890963592,1,1
0.1486734021715327,0.19535338273308236,0,0
0.7266586527911864,0.6815970702061646,1,0
0.7146034250063769,0.6716639650388342,1,0
0.5844275545445436,0.6327173867237076,0,1
0.5709875608499206,0.5436034238386632,1,0
0.7094527455107947,0.6673720150475053,1,0
0.2606173807090302,0.450197625916352,0,1
0.4927639769701966,0.4701019411055244,0,0
0.3081093161071492,0.30679384252555775,0,0
0.628019410581443,0.5961965017845154,1,0
0.2757732986735328,0.45882833870695655,0,1
0.6820435546803878,0.6440758592609338,1,0
0.2873488010501376,0.4654371009897488,1,1
0.3842328017362375,0.5210031056958626,1,1
0.5186716564375431,0.5969701600447626,1,1
0.5737671442942787,0.546199316671255,1,0
0.3529778383301484,0.5030679343758961,1,1
0.6037558672841694,0.6429721760733799,1,1
0.5015630852794329,0.47836419204259367,0,0
0.3998563899048097,0.529951084668854,1,1
0.6794132055193869,0.6818021637507049,1,1
0.3323930496234954,0.32657918022784493,1,0
0.708948753904917,0.6963352364752783,1,1
0.3308735431951912,0.3253219053431793,0,0
0.2370091227751842,0.4368150008504035,0,1
0.8241058659826288,0.7492118023442298,1,1
0.5142863880507988,0.5945443785861433,0,1
0.4018067385902571,0.3864442678775153,0,0
0.794769081793321,0.7363394753937256,1,1
0.7756452457681533,0.7277234940512168,0,1
0.4620120852794288,0.5653034094989663,0,1
0.4213033170758307,0.40399210012515047,1,0
0.6452425202043119,0.6117097598725659,0,0
0.5292491311132463,0.6028015687557108,0,1
0.3514331590581864,0.502180959757924,0,1
0.6267908123121567,0.6550240046863373,1,1
0.6421858304687559,0.6629700679598898,1,1
0.4884938410504841,0.4660979547695907,0,0
0.4569303282927731,0.43667046740490145,0,0
0.3643431082171093,0.35357241254495975,0,0
0.553639904201007,0.5273541457319191,1,0
0.7907472330076336,0.7345420950009938,1,1
0.2627141335010372,0.27168083333218523,0,0
0.4181027879254975,0.4010932632710034,0,0
0.5884520712501463,0.5598688635601244,1,0
0.6437089206458463,0.66375130886775,1,1
0.5304212603319571,0.6034460078651053,0,1
0.4881512698388318,0.465776917671565,0,0
0.8334178152024703,0.7532091506659966,1,1
0.2960851480406455,0.29724848891292394,0,0
0.4438679482019919,0.5550357928719033,1,1
0.314684833070616,0.3120854076752824,1,0
0.5607893421532351,0.6200115557395275,0,1
0.2482428648862355,0.26103216908788324,1,0
0.7959855860520804,0.7368815945895418,1,1
0.4662043438650192,0.44528013163547486,0,0
0.3556103195871599,0.504579491309586,1,1
0.8568335709880716,0.763070127189281,0,1
0.7108263404495302,0.6685193580313408,1,0
0.5307739891916881,0.603639868781953,0,1
0.6029201925057759,0.5732484808580418,1,0
0.5708999810895083,0.6254674448278678,0,1
0.3565729323898673,0.34691315285890373,0,0
0.3042354072635666,0.47509928312815364,0,1
0.3822830924219854,0.5198853987620404,0,1
0.5918257623519992,0.6366573559642688,0,1
0.391904526673947,0.5253989169835998,0,1
0.5958240362332936,0.6387790944910893,1,1
0.5776546326019334,0.629094790132579,1,1
0.3475367722860372,0.33924374346998226,0,0
0.4335651009582965,0.41515855682682395,1,0
0.6442656228208898,0.6640366358670563,1,1
0.4789840310182411,0.4571973011229325,0,0
0.3075637201576819,0.3063570328087508,0,0
0.501796071014071,0.4785831437001102,1,0
0.3738040743756359,0.36175788878656334,0,0
0.6983346981229053,0.6580129966603891,1,0
0.498991783303325,0.5860484499962451,1,1
0.3278228865464946,0.48862523860634643,0,1
0.7620470525666111,0.7097963251235585,1,0
0.7091542691806572,0.6964350436053793,1,1
0.1985882211636908,0.22659965789045658,0,0
0.4274051323504516,0.5456785471360242,1,1
0.1961264194573142,0.41386689285102135,1,1
0.6284618846391091,0.596597610623171,1,0
0.5018310660293009,0.5876296668493788,1,1
0.2359025002685845,0.43618979492214405,1,1
0.6008757691587255,0.6414521331915851,0,1
0.6190009793061682,0.5879938458249349,0,0
0.2602005170424025,0.269811772252047,0,0
0.3300575135896346,0.3246477390334993,0,0
0.5617790672828917,0.6205469960427914,1,1
0.2703981558856373,0.45576430165232235,1,1
0.6394639180914671,0.661571695746255,1,1
0.6101447838959821,0.579890872902298,1,0
0.4654010862476332,0.4445330392557714,0,0
0.182135019987729,0.4060932376691034,0,1
0.6406115542822424,0.6075593210651552,0,0
0.6019030900942782,0.6419946551777713,1,1
0.6674367411127898,0.6758045418950228,1,1
0.6792835814466074,0.6416895269805968,1,0
0.7337899117074714,0.7082634366095536,1,1
0.5411100608818908,0.5155794755724439,1,0
0.4130446882926611,0.5374895947147311,1,1
0.7895180509798279,0.733991210074678,1,1
0.4246090760549517,0.40699329706885257,0,0
0.4677461479985565,0.5685370786071109,0,1
0.5353588078816749,0.6061567182342026,1,1
0.4561781598055033,0.5620077118760851,1,1
0.5154641131035722,0.49143945731791977,0,0
0.3497964509882955,0.3411539325976598,0,0
0.6864325414335734,0.6852896785669401,1,1
0.6870787581084029,0.6484109504027692,0,0
0.4789320351196755,0.457148705658914,1,0
0.5805535299440517,0.630647112975427,1,1
0.4918502658047802,0.5820635064988203,1,1
0.6436252553537821,0.6102621154263391,1,0
0.5558706591970217,0.5294476428961241,1,0
0.3470563682500663,0.33883831149487226,0,0
0.2905415705481701,0.292905926783756,0,0
0.4520042553518842,0.5596464121798063,0,1
0.1568400827688194,0.3921604499643733,0,1
0.6931705232126084,0.6886178653205727,1,1
0.348372971462812,0.5004237257101818,0,1
0.5941380523078312,0.6378850587773065,0,1
0.623812732709446,0.5923767366726168,1,0
0.822926317932634,0.7546685791930889,0,0
0.1599058512897893,0.20208861832175667,0,0
0.4603125996645785,0.4398063083089208,0,0
0.5435625636961668,0.5178859398118618,0,0
0.6547449508883522,0.6201750597049823,0,0
0.2636678837713446,0.2723921383689216,1,0
0.4658083101863944,0.44491175823281465,1,0
0.8504181261603827,0.7733288042683378,1,0
0.2768791257168999,0.4594590964867994,1,1
0.6866961303336673,0.6480823715446737,1,0
0.6862547992190225,0.6477032074440875,1,0
0.2561407759066129,0.26681022972943924,0,0
0.3792062271536706,0.5181211281989317,1,1
0.2389382459506797,0.25432966378695077,0,0
0.2330261398323251,0.43456569758699687,0,1
0.6661751329149849,0.6302612690616297,1,0
0.3564979227437566,0.5050891308932421,0,1
0.4902961277065327,0.5811948621512091,1,1
0.491669080495611,0.5819622638690829,0,1
0.5215100072525873,0.598537722429114,0,1
0.3279661436444593,0.32292326523866943,0,0
0.8401489077674442,0.7664779755361465,1,0
0.5995317164288578,0.6407418001850101,1,1
0.5989538382083943,0.5695903310954432,0,0
0.7176085401516233,0.700524694993758,1,1
0.6682856464768665,0.6321115456107992,1,0
0.6768412358009592,0.6805191485060074,1,1
0.4961783833973774,0.4733063300908929,1,0
0.3462113648954373,0.33812575351501284,0,0
0.775518178179513,0.7276656597942904,1,1
0.2474161338407562,0.44270418746453644,1,1
0.4006780054685502,0.38543685720672466,0,0
0.5793466745975385,0.5514024051176036,1,0
0.162941405849329,0.20393829599747654,0,0
0.396954268056726,0.38212036374168507,1,0
0.5914020739400582,0.562604650171531,1,0
0.6632422430714517,0.6276836612907074,0,0
0.2513778286153862,0.2633159723274899,1,0
0.6770425915560351,0.6397467361496981,1,0
0.6284527805563298,0.6558861020078945,1,1
0.2644907701004884,0.27300678078121926,0,0
0.4540444261056036,0.5608009404128875,1,1
0.5372698436518881,0.6072041339959446,1,1
0.628661712453102,0.6559944068406304,1,1
0.2631923470740818,0.2720373384496139,0,0
0.579798990530053,0.6302433253342151,0,1
0.6490981476197709,0.6665084084249723,0,1
0.3438237526405485,0.33611634811548885,0,0
0.541715706099682,0.6096370305467588,1,1
0.3062504011068343,0.3053070019043536,1,0
0.470185984344166,0.4489869564673669,0,0
0.5141112095593581,0.594447379008109,0,1
0.3419023387587674,0.4967081498747296,1,1
0.5040322797889351,0.5888542971219543,1,1
0.3981510183240784,0.3831850515671748,1,0
0.2417130189283651,0.25631652886277384,0,0
0.3139129012156143,0.31146162388317644,0,0
0.5832652437841391,0.5550499492314059,1,0
0.6987255042776567,0.6913471553804332,1,1
0.7425499621312567,0.7124034957111269,1,1
0.4007122291976234,0.3854673880024989,1,0
0.784855644621864,0.7318950357687217,1,1
0.5395236363524706,0.514087157711447,1,0
0.4315143620890841,0.5480174655187046,0,1
0.4182056377665933,0.40118631178768377,1,0
0.6684940912488458,0.632294078218645,1,0
0.4536804707231235,0.5605950266975546,0,1
0.3286386294036894,0.32347725217865403,0,0
0.30625482722007,0.4762561476804647,0,1
0.53170106539081,0.6041492374835432,0,1
0.495575013190038,0.4727399051401348,0,0
0.5788514791140112,0.629736011598011,1,1
0.3155117098932885,0.4815622079058354,1,1
0.5499948996741167,0.6141530452161207,0,1
0.2775075634963175,0.4598176120281488,0,1
0.4699171958720717,0.4487365368139045,0,0
0.5591795040884119,0.6191400112112244,0,1
0.6270845298858587,0.5953485971878532,0,0
0.3169537253357308,0.31392279933849504,1,0
0.6435726703215148,0.6636814581722287,1,1
0.1455525044497206,0.19351247070011113,0,0
0.3471574990672926,0.33892364016735427,0,0
0.6102207134567961,0.6463736596559972,1,1
0.8194894257669835,0.7472142004482281,1,1
0.565810423808452,0.6227249125384692,1,1
0.5776111811526309,0.6290715020448753,0,1
0.7001833184172002,0.6920612158449012,1,1
0.6648625507637497,0.6291085975935342,0,0
0.7140054366903731,0.6987855932515554,1,1
0.3116453837938466,0.30963324306633117,0,0
0.5714230949072872,0.5440103355184975,0,0
0.5004607110813073,0.5868667300045769,1,1
0.3910233808742812,0.3768608163056574,0,0
0.4538298364167449,0.4338003107026934,1,0
0.535981165020176,0.6064979323663136,1,1
0.1690345891263741,0.20768902571894676,0,0
0.6349357920690308,0.6024512775320824,1,0
0.5736664547873886,0.6269548120376772,1,1
0.4911733457240403,0.46860997334352833,0,0
0.8108142435036453,0.7434319390930688,1,1
0.5079920895796802,0.4844086970500184,0,0
0.2927156330081294,0.29460454817958953,0,0
0.5876418309733169,0.5591168150142514,0,0
0.5223852032964731,0.4979549032783465,1,0
0.3278098971869241,0.3227946220565939,0,0
0.2547852986632296,0.4468841619622595,0,1
0.7501493119726269,0.7159664714454224,1,1
0.4807057126688883,0.5758236044281211,1,1
0.4150600900306311,0.5386401884419119,1,1
0.496475049569386,0.5846453774706988,0,1
0.2708082622832004,0.45599796300354034,1,1
0.1775291862165501,0.21300251220583158,0,0
0.2714331951564572,0.45635406064702483,0,1
0.4032453583288176,0.3877296662465422,0,0
0.292808500546964,0.2946772343626547,0,0
0.7994295026010486,0.7379186748269657,1,0
0.5772096632542242,0.6288562775313387,0,1
0.3550639155774381,0.5042657549621222,0,1
0.3988617775564727,0.3838179093825052,1,0
0.4939298150070901,0.47119580563580576,0,0
0.4902831516137576,0.4677752392226053,0,0
0.5225266477550169,0.4980880724731778,1,0
0.5932418422339374,0.6374094314783095,1,1
0.7717298945302286,0.7259379127170662,0,1
0.6801222707636947,0.6821553941485491,1,1
0.5458717152133117,0.6119063926586447,1,1
0.7490612293473979,0.699620204347236,1,0
0.4897923326257676,0.4673150755830956,1,0
0.3985612615634274,0.5292099878182418,1,1
0.3283911566083213,0.3232733289167892,1,0
0.3589317887289827,0.3489285748270623,0,0
0.2586288386242008,0.449067335597114,0,1
0.589754934509675,0.6355563424688195,1,1
0.2200317657021472,0.42724658594719706,0,1
0.6683689271108734,0.6762734761273695,1,1
0.221950523199653,0.24238854248980446,0,0
0.5755876450719865,0.5478981569816461,1,0
0.3819279622741153,0.519681792073451,0,1
0.5116342822487873,0.48783520022795634,1,0
0.3583163438407298,0.34840221015337325,0,0
0.549619926951476,0.6139489283082001,1,1
0.4336044546836442,0.41519454237101744,0,0
0.7432810145019578,0.7127474083276687,0,1
0.4033036131282435,0.3877817496415787,0,0
0.279172958554857,0.46076789832749465,1,1
0.4864231687829614,0.57902799373544,0,1
0.3904534309106926,0.3763568836927922,1,0
0.2783763554654916,0.28350797092746827,1,0
0.5865075219949238,0.6338269076937574,1,1
0.4111759317423648,0.5364223636311893,0,1
0.4131601702895175,0.3966301812499499,0,0
0.6740645856409548,0.6371579103169402,1,0
0.8117039476502058,0.7438215384390499,1,1
0.1890075070874042,0.2203387646478179,0,0
0.6217576722442086,0.6524070015592206,1,1
0.2381305684237092,0.43744878627362704,1,1
0.4610671753033855,0.564769995260153,1,1
0.6101560881657268,0.6463397295553228,0,1
0.4699232611902978,0.5697633271426547,0,1
0.6064723642127939,0.5765178559299395,1,0
0.0746728924229277,0.15521357827674603,0,0
0.4621262940436174,0.44148985557309306,0,0
0.4956473229459459,0.4728077835898029,0,0
0.5838170463756308,0.6323914544819033,0,1
0.2949769508551452,0.46979900329208263,1,1
0.5462003757653341,0.5203658255413729,0,0
0.5903504523109756,0.6358731121137643,1,1
0.3689674469846344,0.5122472160582645,0,1
0.5106525065903199,0.5925307302277403,0,1
0.7494067250831674,0.7156194834752958,1,1
0.3960311603370756,0.38129989374938805,0,0
0.7486131793476181,0.6992654805056554,1,0
0.7607450334011895,0.7087852468206524,1,0
0.7841401955755386,0.7266314787185931,1,0
0.6467575685676935,0.6653123657590343,0,1
0.5859152082041824,0.6335110925867429,1,1
0.3655587758077182,0.3546195126552453,0,0
0.3607475100247108,0.50752897282665,0,1
0.4135170659790467,0.3969518845772931,0,0
0.6303225927048683,0.5982829493213735,1,0
0.2320818486507831,0.43403282096313617,1,1
0.3654222526426584,0.5102124931764234,1,1
0.7773680764323985,0.7285068738152689,0,1
0.6145271694038639,0.648631334162259,1,1
0.7908570207846489,0.7316272867055895,1,0
0.6714435901183663,0.6348728351692172,1,0
0.4782370888535657,0.4564992862303172,0,0
0.6402335425254693,0.6619673749696512,1,1
0.1957722739594885,0.2247465047148775,0,0
0.760213570384604,0.7206438980114666,0,1
0.4714706740605131,0.45018420644257273,0,0
0.4296610264349421,0.4115931783206192,0,0
0.4743072903224334,0.5722300004979299,0,1
0.2752152549687686,0.45851008354295825,0,1
0.3952408139794781,0.38059796144740626,1,0
0.3664596188626302,0.35539634278748256,0,0
0.3128453098468187,0.4800333437266297,0,1
0.5159926553604764,0.4919369472394599,0,0
0.8928673187559056,0.8001239256657964,1,0
0.6312324352536833,0.5991061981258913,1,0
0.6344590989376304,0.6020212308661488,1,0
0.3161237651555639,0.4819131987722169,0,1
0.8555953795454854,0.7767283630271324,1,0
0.3222817791287259,0.318260494594257,1,0
0.3590837450144289,0.3490585935833021,0,0
0.7088781714199106,0.6668914915901129,1,0
0.6946511310215056,0.6548844449341381,1,0
0.3057656599759657,0.47597589471733887,1,1
0.4327483029803019,0.548719399005807,1,1
0.5606997013153547,0.5339759107779671,1,0
0.5296764842038515,0.6030365698228269,1,1
0.6674614923587163,0.6313894732628709,1,0
0.7103878125568981,0.6970337166205103,1,1
0.672002998036587,0.6780982032196265,1,1
0.5916408066962124,0.5628258830388508,1,0
0.5945313622578728,0.5655025432842185,0,0
0.2525266077521856,0.2641560585935652,0,0
0.3275304063917887,0.3225645744120793,0,0
0.7195135750494247,0.6757289713578823,0,0
0.3020651165389993,0.4738562875187813,1,1
0.7737927141676623,0.7188227720954284,1,0
0.7202568556826477,0.7017992787437524,1,1
0.5028978207975735,0.4796186387829473,0,0
0.751720892719436,0.7017209488999636,0,0
0.5331727971235346,0.508110800832515,0,0
0.6904931493750168,0.6513367839729385,1,0
0.3027078082668169,0.30248470621131734,1,0
0.3427172249986192,0.49717606346701027,1,1
0.6278329368548625,0.596027422226749,1,0
0.2925384399401102,0.46840408848120807,0,1
0.676238535294841,0.6802180974475419,0,1
0.6057549384706975,0.6440255478288773,0,1
0.5444397510120895,0.5187107135733338,1,0
0.4131647696806655,0.537558160541713,1,1
0.5860694017002285,0.5576565467918588,1,0
0.1729209915560036,0.2101078030451582,0,0
0.3623350111379555,0.5084403289236563,1,1
0.6799775410209641,0.6422902056615684,1,0
0.3576718836919076,0.3478514262684669,1,0
0.5917616886164813,0.636623310766958,0,1
0.6534996434862926,0.6687517820194153,1,1
0.2989759875998078,0.2995277048190926,0,0
0.2258167998665293,0.24507240685338916,0,0
0.3391743518313334,0.4951417666131502,0,1
0.6818901435746296,0.683035170758319,1,1
0.6097468943492956,0.5795257765757881,0,0
0.6910240964554734,0.6517907423754644,1,0
0.8193608315815938,0.7521740190802264,1,0
0.224500856134888,0.24415666631693614,0,0
0.8349750206902173,0.7538734164722712,0,1
0.5804917162520051,0.5524688405961495,0,0
0.6667918598629491,0.6754799290093899,1,1
0.3464412264691162,0.4993144626771949,0,1
0.1785467397180516,0.21364561045921948,0,0
0.6117243794564686,0.6471627098832464,1,1
0.6608941962653535,0.6256147965454439,0,0
0.6413527800015262,0.6082246971050728,1,0
0.2451563465594679,0.44142397573928377,1,1
0.2064340641055028,0.23181975561002358,1,0
0.6212916482332609,0.5900821377040428,0,0
0.8055086165866695,0.7411005736141486,1,1
0.5163944183541174,0.4923151170296741,0,0
0.2359602053469778,0.2522085712018409,0,0
0.382909005511496,0.5202442372528122,1,1
0.2833489292358799,0.28732736143989607,0,0
0.7289128131527601,0.7059433616735791,0,1
0.5312460240835769,0.6038992497366742,0,1
0.3777705774981374,0.5172977712388164,0,1
0.5093644486393412,0.5918162262063179,1,1
0.2872815708717443,0.465398680163421,0,1
0.7221599933438968,0.7027132933298581,1,1
0.3899230404383872,0.37588816858607815,0,0
0.7639719405880906,0.7223784776792174,1,1
0.6496252454371046,0.6156228593759252,0,0
0.7440499499529583,0.7131088774145928,1,1
0.1741809390424706,0.21089637997152386,0,0
0.4614593584970334,0.44087061950708967,0,0
0.3414155797861035,0.3340956291823464,0,0
0.745905467360525,0.6971166999135076,1,0
0.6885614028482154,0.686343296952812,1,1
0.6572879700188005,0.6706765166984979,1,1
0.4022523407220053,0.38684224255996613,1,0
0.4517392834116265,0.5594964175034081,1,1
0.4730071594078877,0.45161687098876846,0,0
0.5680892554059622,0.6239538553204638,0,1
0.4352378587720968,0.5501350025109834,0,1
0.7712939790786668,0.7169168777333466,0,0
0.5817657177937756,0.6312954257061119,0,1
0.7503874861163332,0.7160777087691444,1,1
0.4163188279795012,0.3994804496970572,1,0
0.2905710231954388,0.29292890013216644,0,0
0.1940074169107275,0.2235905643168966,0,0
0.5733910573252728,0.5458482273980746,1,0
0.3051655217012242,0.3044411375661943,1,0
0.3806831458978257,0.3677606591007169,0,0
0.617078347070101,0.5862386231170134,1,0
0.5473778258101534,0.5214724648109732,0,0
0.4292862501274039,0.4112513969664114,0,0
0.4993305327098064,0.5862371958514994,0,1
0.6753553451949972,0.6382809740471191,1,0
0.5187777618664445,0.49455866684785366,0,0
0.7169664005979152,0.6736234803450758,1,0
0.6541571744481682,0.6690862610530188,1,1
0.6761375224768342,0.6801676264773483,1,1
0.7803421345556864,0.7298558609600537,1,1
0.4042561793307422,0.38863376581854525,0,0
0.6065764001364634,0.644457997965369,1,1
0.7878066472951389,0.7332229940810219,0,1
0.4779030707386847,0.4561872025554114,1,0
0.1954886846839778,0.2245604745291785,0,0
0.8761031228592698,0.7898355579403777,1,0
0.3555083704622352,0.5045209540367428,0,1
0.2706772186543827,0.2776552822932763,0,0
0.640858404240184,0.6622884622067258,1,1
0.3786117297073065,0.5177801906741617,1,1
0.7670761243971346,0.71368206706103,1,0
0.6173328961088036,0.5864711346674675,1,0
0.4560786426665474,0.561951444363293,1,1
0.5745986650889642,0.5469754044798348,1,0
0.7906329851586643,0.7344909230404811,1,1
0.3876275816768164,0.3738623209350909,1,0
0.7634225210769366,0.7108621828795142,1,0
0.7842730060642885,0.7267308201656683,1,0
0.3382247736520448,0.49459654896989214,0,1
0.318717686194558,0.48340090973337396,0,1
0.728162276979066,0.6828247388850133,0,0
0.6903754937209879,0.6872396152117681,1,1
0.2533878471017032,0.26478699668691175,0,0
0.1667559639526424,0.3976026962116641,0,1
0.6212906625117264,0.5900812397619472,0,0
0.4571595804658459,0.5625625266197547,1,1
0.5212483634437907,0.598393305740294,1,1
0.7630093092162658,0.7219348319538044,1,1
0.7562546583070416,0.7188096041532954,1,1
0.3893720677383481,0.5239482484287137,1,1
0.3692773644804945,0.35783109621765374,1,0
0.6188397364982744,0.6508855696540617,0,1
0.7977015368157224,0.7376450661341052,0,1
0.7401590608399204,0.6925278763167609,1,0
0.746569433951762,0.7142913552756264,1,1
0.5164645295975145,0.5957498373683783,0,1
0.4035268154143904,0.3879813300237244,0,0
0.4859419640604128,0.5787585516104309,0,1
0.247075789339726,0.4425113268182813,0,1
0.5221903909675617,0.5989131863086844,0,1
0.6083738439335882,0.5782652241559312,1,0
0.3422866900960879,0.4969288465333846,1,1
0.5553939787528044,0.5290003770037366,1,0
0.3387818788697758,0.4949164196239145,0,1
0.2315091300738838,0.4337097021210606,0,1
0.4974620296617515,0.5851957812276484,1,1
0.7734664584478695,0.7185743664482702,1,0
0.5387859353271015,0.5133931299098197,0,0
0.5729105278492151,0.5453995713793809,1,0
0.3696958161056661,0.35819330123526727,0,0
0.5853265628608499,0.6331971197675141,1,1
0.7077738818659138,0.6659669862907295,1,0
0.2099606767539611,0.4215956804744694,0,1
0.6244456168859532,0.5929521368718385,1,0
0.7230393458734029,0.7031350711049338,1,1
0.4006392765090725,0.5303990033122951,1,1
0.3722796753514581,0.3604334221282945,1,0
0.210752844461708,0.4220394439964917,0,1
0.6055385665435569,0.5756590367889507,1,0
0.5819199975984007,0.6313779050090313,0,1
0.4817842294480204,0.4598155513217858,1,0
0.6468311199643167,0.6131298292366517,1,0
0.7176666809220561,0.7005527105055996,1,1
0.1573095747557301,0.20051657165402026,0,0
0.6628555281140328,0.6734948523699252,1,1
0.4113263242312914,0.5365082639893172,1,1
0.7572079275032662,0.7192519547966706,1,1
0.2406405648393302,0.4388680489068461,1,1
0.2990447945878781,0.2995820758664277,0,0
0.8452351463534019,0.7698889974593183,1,0
0.8068481006611353,0.741690459979482,1,1
0.4882896492222946,0.46590659509387095,1,0
0.176444319688825,0.21231842815372276,0,0
0.328372017311366,0.4889404065790563,1,1
0.5515502189707702,0.5253921639023811,0,0
0.5645337443315913,0.5375672059048346,0,0
0.3902863526948731,0.3762092088029371,0,0
0.5833659509952187,0.6321505502362396,1,1
0.6157912456627911,0.585062365351227,0,0
0.5862029883762873,0.6336645481114243,1,1
0.7208882791890097,0.7021027098720423,0,1
0.4945358679729622,0.5835633506042784,1,1
0.7932601291717477,0.7334005524990691,1,0
0.3008723433363043,0.47317328473687836,0,1
0.4790131340871056,0.4572245012611494,1,0
0.7897707048402001,0.7341045019452275,1,1
0.5589727562961622,0.6190280249851213,1,1
0.6101061320671786,0.5798554105028111,0,0
0.6647103549911586,0.6744310145438436,0,1
0.5524576301499362,0.6154926355727309,0,1
0.2279997505017098,0.2465965892791644,0,0
0.5024496952957747,0.5879739473186868,1,1
0.2631267404696654,0.2719884118143709,0,0
0.6319361659545116,0.5997425685283901,0,0
0.584221352190074,0.5559390450100139,1,0
0.8466537760030826,0.758816807799598,1,1
0.5340523543165518,0.6054401041654026,1,1
0.7031763147253774,0.6935243537923558,1,1
0.6734637242987581,0.6788301338698283,1,1
0.5583558219092117,0.6186937834269175,0,1
0.6173113379130993,0.6500874212041529,1,1
0.3487854190328606,0.5006605646907714,1,1
0.7092338137123001,0.6671889606512676,1,0
0.724067297622703,0.6794753737941456,0,0
0.3001395188297531,0.4727537062412905,0,1
0.7997621917417966,0.7385600171831648,0,1
0.5223436517853945,0.5989977459662178,1,1
0.435828701867804,0.41722988166073954,0,0
0.3037440180138035,0.4748178210536943,0,1
0.90488186255925,0.7824410237370729,1,1
0.4965130990909381,0.5846666002618057,1,1
0.5930456229150624,0.6373052600579469,1,1
0.2184961974128127,0.24000760811600666,1,0
0.770274778039165,0.7252724575192163,0,1
0.6044833658953124,0.5746880127338332,0,0
0.1903183860302497,0.41063448754295195,1,1
0.5018535997505141,0.4786372084183976,1,0
0.2075516109853845,0.42024692941813696,0,1
0.3879544209361203,0.5231359997176687,1,1
0.4242350196805837,0.40665334978109224,0,0
0.7325363061073216,0.6863815360255056,1,0
0.6910966841694122,0.6518527832951808,1,0
0.5436204226917397,0.6106776844204309,1,1
0.69627758202344,0.6901460658421233,1,1
0.5974249508011124,0.6396271311237305,1,1
0.3837584758634234,0.37045767766805604,0,0
0.3117191078059448,0.30969259624695655,1,0
0.3135486135556129,0.31116748706030867,0,0
0.5328810794193624,0.6047972523783999,1,1
0.520135379616019,0.5977787935746951,0,1
0.6891510728784889,0.6866347981253812,0,1
0.5431144475323533,0.6104013396154688,1,1
0.4519999245452281,0.43210841150072565,1,0
0.6901405886744206,0.6871236304105378,1,1
0.5438723287992288,0.5181772072443734,0,0
0.4840059699711863,0.5776740532475649,1,1
0.4998037980139034,0.5865008494322586,1,1
0.7500465619753566,0.7003994573283407,0,0
0.680686814655098,0.68243647948445,0,1
0.6477720028022227,0.6658310065290478,1,1
0.3482666394039557,0.5003626668199712,1,1
0.3763828482809265,0.36400322514926287,0,0
0.5943168174697885,0.6379798989008811,1,1
0.4044104848913384,0.3887718475684088,0,0
0.5358552662320356,0.6064289153454301,0,1
0.701970647785616,0.6929354253649143,1,1
0.4326923631929012,0.4143607475995181,0,0
0.5546330128110888,0.61667447010862,0,1
0.7600008951967393,0.708206457945412,1,0
0.6763918542240208,0.6391817277554371,1,0
0.374978253411911,0.515696085260957,0,1
0.8181109848087416,0.74661569156009,1,1
0.3425027177333072,0.33500710768737507,1,0
0.3195976525871674,0.4839056716182204,0,1
0.471240451278821,0.5705048137818988,1,1
0.2309660682683379,0.24867793191936605,0,0
0.489108285699103,0.46667384545801494,0,0
0.5436294802923051,0.6106826306976869,0,1
0.7038977899435868,0.6627118700336417,0,0
0.1808020409125239,0.21507600688219208,1,0
0.4030018564254737,0.38751198826692185,1,0
0.4825663712134808,0.5768671374922902,1,1
0.2490158531275167,0.261594094926802,0,0
0.2146181966091562,0.2373537778197816,0,0
0.4035501626873563,0.3880022085849293,1,0
0.765336724045872,0.7230067148408016,1,1
0.1909542923532717,0.22160085070174243,0,0
0.5682546033375222,0.5410487633876709,0,0
0.2560627806680151,0.2667527728750434,0,0
0.2766691651940957,0.2822037906566505,1,0
0.5205745598636562,0.4962502244467396,0,0
0.2248697601879137,0.2444131458746743,0,0
0.4801417459615267,0.5755071749244455,1,1
0.5436078897201385,0.6106708402355735,0,1
0.5018187709039735,0.5876228234780569,1,1
0.2858807619101858,0.2892837944092563,0,0
0.6738296518530837,0.6790133529346174,1,1
0.4724657887113671,0.5711943098613531,0,1
0.577949856489553,0.5501008381095783,1,0
0.5496586059707043,0.5236154719052766,1,0
0.5500486102329514,0.6141822793468621,1,1
0.5401618252999745,0.6087873178421546,1,1
0.5035355988473775,0.48021814409533664,1,0
0.8858856649887454,0.7749220973366402,1,1
0.4942031736113526,0.47145232876330045,1,0
0.557129097871205,0.5306281979368824,0,0
0.4429241419618634,0.5545003347568004,0,1
0.3784526301283223,0.36580968277259285,1,0
0.2309939940365353,0.2486975820132802,0,0
0.1333363735834121,0.18643352723303086,0,0
0.3229158479089418,0.31877882955861925,0,0
0.421912431837823,0.5425490426561251,0,1
0.5439775448141084,0.6108726884541844,0,1
0.5626452896608661,0.5357987802545248,0,0
0.3383367838073436,0.4946608610015485,1,1
0.4212760727034281,0.5421862506560191,0,1
0.5955569482317378,0.5664513289253502,1,0
0.6843565610715383,0.646070241869622,1,0
0.2714400004645021,0.4563579386764176,0,1
0.5157019309967574,0.4916633011557842,0,0
0.5637242365379829,0.5368092630511535,0,0
0.6747965841539276,0.6377949919931254,1,0
0.5467349321794729,0.6123771421915701,1,1
0.70996746842683,0.6678021887852688,1,0
0.7536944450945036,0.7176194770131283,0,1
0.3609301940072083,0.5076338511077575,0,1
0.4040026718082842,0.5323227612572581,0,1
0.3916042265013046,0.3773746566813652,1,0
0.4225639726051085,0.5429204430387226,1,1
0.2410457301163788,0.255837791730836,1,0
0.27054178274257,0.2775529954799475,0,0
0.2499827582845457,0.2622980878810914,0,0
0.6079246127712725,0.64516723970129,0,1
0.5214843039015791,0.5985235359870713,1,1
0.4119011360613915,0.5368365618527394,0,1
0.611556578649894,0.6470746959196688,1,1
0.6167952773913449,0.6498177378641615,0,1
0.450677886816318,0.43088706480010436,1,0
0.544403230610947,0.518676377336239,1,0
0.5689703045612275,0.5417179866556914,0,0
0.4933592377896379,0.4706604180244611,1,0
0.415267140629657,0.398530675156294,0,0
0.4401022941940243,0.42114838248789627,0,0
0.4665375830365144,0.56785599634011,0,1
0.287948842641866,0.4657800319776506,0,1
0.619617289311794,0.6512912931438519,0,1
0.7819572392113887,0.730586676200375,1,1
0.5011142670393843,0.587230645603752,0,1
0.2549959309002184,0.447003751171291,1,1
0.3640666049614789,0.3533344454661322,0,0
0.4458485870067659,0.4264328290482403,1,0
0.403553976076476,0.5320661754787529,1,1
0.6478175267901782,0.6140106253967463,0,0
0.503566439281346,0.5885952212020389,1,1
0.5545244120452818,0.616615502409359,0,1
0.5820756992282643,0.6314611366459164,1,1
0.4813197929472843,0.4593811350612562,1,0
0.6950830180875847,0.689559010907206,0,1
0.7154483379081584,0.6723653067107481,1,0
0.8175266096105043,0.7508841158358609,0,0
0.5076168406810787,0.5908461830137934,1,1
0.576277390396726,0.548541518731549,0,0
0.5796584454823577,0.6301680932618786,1,1
0.7031073684207306,0.6934906927986292,1,1
0.3604654412201361,0.35024184678344256,1,0
0.2950482406482696,0.296433406023497,1,0
0.4872466615685329,0.5794889847677502,1,1
0.4524137705722917,0.4324909079834492,1,0
0.5641181162790536,0.5371780744616973,1,0
0.3820323533963518,0.5197416432937645,1,1
0.405621240475734,0.3898559213330569,1,0
0.6809039761902399,0.6825445684003199,0,1
0.8564894914541505,0.7629272120162671,1,1
0.3694620857450049,0.5125310774730164,1,1
0.3768897138814898,0.3644452535961515,0,0
0.4571901603881222,0.43691119210064294,1,0
0.4624531950887105,0.4417934431278308,0,0
0.470999488388621,0.5703691919338999,0,1
0.2370599612651644,0.43684372779342645,1,1
0.509098978194311,0.4854498958625609,1,0
0.5775143531283259,0.5496948912151751,0,0
0.5446288529446315,0.5188885031127408,0,0
0.4014537373601387,0.38612910423175084,1,0
0.6325730855471662,0.6580189576815534,1,1
0.4900395742074551,0.4675468681619403,0,0
0.4514525311334464,0.5593340812274159,1,1
0.8226971996514406,0.7486033665763484,1,1
0.511444782273602,0.5929700227062994,1,1
0.6122993060099863,0.6474641914890071,1,1
0.6763765137376258,0.6391684035866263,1,0
0.4673324683565992,0.5683039800330238,1,1
0.792129926825783,0.7351609082040496,1,1
0.4745973327602665,0.4531004405058385,0,0
0.88118335285223,0.7929938271064279,1,0
0.541710081121203,0.5161438316580201,1,0
0.187413259332115,0.21930907252994267,0,0
0.763646264095826,0.722228432683286,1,1
0.410429807771397,0.39417202723952555,0,0
